source,target,weight,from.x,from.y,to.x,to.y,from_to,edgebetweenness
Item_1_1,Item_2_1,0.3320303744128044,-8.281724743924277,1.646921617778967,-7.152399403279238,0.0654171889714057,Item_1_1_Item_2_1,45
Item_1_1,Item_3_1,0.5965547893925435,-8.281724743924277,1.646921617778967,-7.797043678808944,0.49920803364691,Item_1_1_Item_3_1,6
Item_1_1,Item_4_1,0.22137279416060218,-8.281724743924277,1.646921617778967,-6.192126846565541,0.148076521015025,Item_1_1_Item_4_1,0
Item_1_1,Item_5_1,0.6789836167929676,-8.281724743924277,1.646921617778967,-8.384177049600776,0.38033000992888644,Item_1_1_Item_5_1,2
Item_1_1,Item_6_1,0.7183271990947592,-8.281724743924277,1.646921617778967,-9.0452810181873,0.608176637092269,Item_1_1_Item_6_1,1
Item_1_1,Item_6_2,0.24909271189678603,-8.281724743924277,1.646921617778967,-7.533863184463678,1.7401277208579966,Item_1_1_Item_6_2,0
Item_1_1,Item_7_1,0.16195244980760487,-8.281724743924277,1.646921617778967,-5.429858272613147,0.38301725120398267,Item_1_1_Item_7_1,0
Item_1_1,Item_8_1,0.6555655435090824,-8.281724743924277,1.646921617778967,-7.877737022799604,1.0750792044545787,Item_1_1_Item_8_1,1
Item_1_1,Item_8_2,0.045539525130195393,-8.281724743924277,1.646921617778967,-7.709201672136028,-1.083915588041315,Item_1_1_Item_8_2,0
Item_1_1,Item_9_1,0.27348301713730944,-8.281724743924277,1.646921617778967,-6.694733019544076,0.18563671938600157,Item_1_1_Item_9_1,2
Item_1_1,Item_10_1,0.6938204073112806,-8.281724743924277,1.646921617778967,-8.56007781388099,1.0429349833812034,Item_1_1_Item_10_1,1
Item_1_1,Item_10_2,0.10569840123349104,-8.281724743924277,1.646921617778967,-7.8932165880213425,-0.4488622012876986,Item_1_1_Item_10_2,0
Item_1_1,Item_11_1,0.1606324089674397,-8.281724743924277,1.646921617778967,-5.23880097545206,0.13931496056126935,Item_1_1_Item_11_1,0
Item_1_1,Item_12_1,0.6705495629550153,-8.281724743924277,1.646921617778967,-8.932995952532524,1.47770802856859,Item_1_1_Item_12_1,1
Item_1_1,Item_12_2,0.09467158141410341,-8.281724743924277,1.646921617778967,-6.852639366068484,-0.4846867695435746,Item_1_1_Item_12_2,0
Item_1_2,Item_2_1,0.5217928088286957,-5.462137499432341,-0.3711320514886651,-7.152399403279238,0.0654171889714057,Item_1_2_Item_2_1,10
Item_1_2,Item_3_1,0.13846647801225678,-5.462137499432341,-0.3711320514886651,-7.797043678808944,0.49920803364691,Item_1_2_Item_3_1,0
Item_1_2,Item_3_2,0.2745604558648702,-5.462137499432341,-0.3711320514886651,-6.977006216265033,-1.7624819239094793,Item_1_2_Item_3_2,39
Item_1_2,Item_3_3,0.5537846408253724,-5.462137499432341,-0.3711320514886651,-3.852178658140434,-0.14992763022695121,Item_1_2_Item_3_3,29
Item_1_2,Item_4_1,0.7195675682674836,-5.462137499432341,-0.3711320514886651,-6.192126846565541,0.148076521015025,Item_1_2_Item_4_1,1
Item_1_2,Item_4_2,0.05388337648865703,-5.462137499432341,-0.3711320514886651,-0.9561033774168824,0.39812046510211196,Item_1_2_Item_4_2,0
Item_1_2,Item_5_1,0.034966230940934755,-5.462137499432341,-0.3711320514886651,-8.384177049600776,0.38033000992888644,Item_1_2_Item_5_1,0
Item_1_2,Item_5_2,0.6562648088749486,-5.462137499432341,-0.3711320514886651,-5.975491339125491,-0.9607788376856243,Item_1_2_Item_5_2,1
Item_1_2,Item_6_2,0.0709799267855509,-5.462137499432341,-0.3711320514886651,-7.533863184463678,1.7401277208579966,Item_1_2_Item_6_2,0
Item_1_2,Item_6_3,0.36867667885767985,-5.462137499432341,-0.3711320514886651,-7.117936694198675,-1.0876589408403996,Item_1_2_Item_6_3,28
Item_1_2,Item_6_4,0.49457171801100464,-5.462137499432341,-0.3711320514886651,-4.9080499467993866,-1.0924148899818464,Item_1_2_Item_6_4,1
Item_1_2,Item_7_1,0.6889843692399217,-5.462137499432341,-0.3711320514886651,-5.429858272613147,0.38301725120398267,Item_1_2_Item_7_1,1
Item_1_2,Item_8_1,0.04360840368955926,-5.462137499432341,-0.3711320514886651,-7.877737022799604,1.0750792044545787,Item_1_2_Item_8_1,0
Item_1_2,Item_8_2,0.2712943089924219,-5.462137499432341,-0.3711320514886651,-7.709201672136028,-1.083915588041315,Item_1_2_Item_8_2,1
Item_1_2,Item_8_3,0.2516272121002734,-5.462137499432341,-0.3711320514886651,-1.5814436183972673,-0.2851166441970765,Item_1_2_Item_8_3,0
Item_1_2,Item_9_1,0.6507792533254025,-5.462137499432341,-0.3711320514886651,-6.694733019544076,0.18563671938600157,Item_1_2_Item_9_1,2
Item_1_2,Item_10_2,0.2641241867223338,-5.462137499432341,-0.3711320514886651,-7.8932165880213425,-0.4488622012876986,Item_1_2_Item_10_2,1
Item_1_2,Item_10_3,0.5833949381244902,-5.462137499432341,-0.3711320514886651,-5.20395356154417,-0.7381258309584444,Item_1_2_Item_10_3,1
Item_1_2,Item_10_4,0.18374170075787175,-5.462137499432341,-0.3711320514886651,-2.45581450828205,-0.5566751918379708,Item_1_2_Item_10_4,0
Item_1_2,Item_11_1,0.6790151427130174,-5.462137499432341,-0.3711320514886651,-5.23880097545206,0.13931496056126935,Item_1_2_Item_11_1,1
Item_1_2,Item_12_2,0.5049290832031208,-5.462137499432341,-0.3711320514886651,-6.852639366068484,-0.4846867695435746,Item_1_2_Item_12_2,2
Item_1_2,Item_12_3,0.36794415507326605,-5.462137499432341,-0.3711320514886651,-2.774982474026841,0.05502452555174586,Item_1_2_Item_12_3,77
Item_1_3,Item_2_2,0.5096282540002343,2.0470169139756575,0.2784922338208017,1.268805293126655,-0.3674556008310771,Item_1_3_Item_2_2,1
Item_1_3,Item_3_4,0.395858456799058,2.0470169139756575,0.2784922338208017,4.576130557322581,-0.33854287225049506,Item_1_3_Item_3_4,13
Item_1_3,Item_4_2,0.1125623652379647,2.0470169139756575,0.2784922338208017,-0.9561033774168824,0.39812046510211196,Item_1_3_Item_4_2,0
Item_1_3,Item_4_3,0.308524136658991,2.0470169139756575,0.2784922338208017,0.8291942999199456,0.7685611925061082,Item_1_3_Item_4_3,8
Item_1_3,Item_4_4,0.39938578567896366,2.0470169139756575,0.2784922338208017,2.4657057259251554,-1.2198550809665207,Item_1_3_Item_4_4,4
Item_1_3,Item_5_3,0.5940590759873472,2.0470169139756575,0.2784922338208017,1.7106040185617228,-0.16038752421062918,Item_1_3_Item_5_3,1
Item_1_3,Item_6_5,0.4523563759777712,2.0470169139756575,0.2784922338208017,3.9380984357093927,0.12960579726222354,Item_1_3_Item_6_5,1
Item_1_3,Item_7_2,0.51018266742376694,2.0470169139756575,0.2784922338208017,2.6725372699416803,-0.5054383812463452,Item_1_3_Item_7_2,3
Item_1_3,Item_8_3,0.32913537261113046,2.0470169139756575,0.2784922338208017,-1.5814436183972673,-0.2851166441970765,Item_1_3_Item_8_3,24
Item_1_3,Item_8_4,0.0745654682893754,2.0470169139756575,0.2784922338208017,4.677604558787852,-1.090663800038167,Item_1_3_Item_8_4,0
Item_1_3,Item_9_2,0.44745773796118393,2.0470169139756575,0.2784922338208017,-0.09484241523578163,-0.08675213426855355,Item_1_3_Item_9_2,7
Item_1_3,Item_9_3,0.24251358194976616,2.0470169139756575,0.2784922338208017,3.5717605411480378,-1.036145453271462,Item_1_3_Item_9_3,1
Item_1_3,Item_9_4,0.012113117957056704,2.0470169139756575,0.2784922338208017,5.497376634741563,-1.3621518409274611,Item_1_3_Item_9_4,0
Item_1_3,Item_10_5,0.45711161182760673,2.0470169139756575,0.2784922338208017,4.406810454488165,0.18093062923064873,Item_1_3_Item_10_5,13
Item_1_3,Item_11_2,0.493467153419175,2.0470169139756575,0.2784922338208017,2.9183208964215046,0.07853559420122314,Item_1_3_Item_11_2,2
Item_1_3,Item_11_3,0.012288202452788643,2.0470169139756575,0.2784922338208017,4.860303521944785,-1.9508363621833809,Item_1_3_Item_11_3,0
Item_1_3,Item_12_4,0.4392882994157186,2.0470169139756575,0.2784922338208017,1.7012267718805254,-0.8924449439846133,Item_1_3_Item_12_4,1
Item_1_3,Item_12_5,0.01741048492804571,2.0470169139756575,0.2784922338208017,5.7259555039798204,0.10065765696321671,Item_1_3_Item_12_5,0
Item_1_4,Item_2_3,0.24320215298195666,6.33517236557014,-0.7837308531765275,7.038722256105615,-1.4698923086298294,Item_1_4_Item_2_3,1
Item_1_4,Item_2_4,0.44898516230481855,6.33517236557014,-0.7837308531765275,7.489753601735867,-0.4084296990067995,Item_1_4_Item_2_4,6
Item_1_4,Item_2_5,0.023121064794092566,6.33517236557014,-0.7837308531765275,7.512272068014877,1.6916985308639538,Item_1_4_Item_2_5,0
Item_1_4,Item_3_4,0.4870481256495908,6.33517236557014,-0.7837308531765275,4.576130557322581,-0.33854287225049506,Item_1_4_Item_3_4,9
Item_1_4,Item_3_5,0.004013777701858511,6.33517236557014,-0.7837308531765275,8.403354161417736,1.2004276898477415,Item_1_4_Item_3_5,0
Item_1_4,Item_4_5,0.6692328973058126,6.33517236557014,-0.7837308531765275,6.1779205965995665,0.14156653662165875,Item_1_4_Item_4_5,1
Item_1_4,Item_5_4,0.6189425850435176,6.33517236557014,-0.7837308531765275,6.809185069609078,-0.4012867831503164,Item_1_4_Item_5_4,1
Item_1_4,Item_6_5,0.32055418632820276,6.33517236557014,-0.7837308531765275,3.9380984357093927,0.12960579726222354,Item_1_4_Item_6_5,4
Item_1_4,Item_7_3,0.7025559208802031,6.33517236557014,-0.7837308531765275,5.929953764475576,-0.6169045639581219,Item_1_4_Item_7_3,1
Item_1_4,Item_7_4,0.18252008999540564,6.33517236557014,-0.7837308531765275,8.488035339414244,-0.3559374811832323,Item_1_4_Item_7_4,1
Item_1_4,Item_7_5,0.026444440876825948,6.33517236557014,-0.7837308531765275,7.168152868550425,2.031842293224406,Item_1_4_Item_7_5,0
Item_1_4,Item_8_4,0.2855163348705778,6.33517236557014,-0.7837308531765275,4.677604558787852,-1.090663800038167,Item_1_4_Item_8_4,1
Item_1_4,Item_8_5,0.6105575797028,6.33517236557014,-0.7837308531765275,6.838612409621779,0.30038263159228773,Item_1_4_Item_8_5,5
Item_1_4,Item_9_3,0.13806324333723452,6.33517236557014,-0.7837308531765275,3.5717605411480378,-1.036145453271462,Item_1_4_Item_9_3,0
Item_1_4,Item_9_4,0.33780976385662226,6.33517236557014,-0.7837308531765275,5.497376634741563,-1.3621518409274611,Item_1_4_Item_9_4,1
Item_1_4,Item_9_5,0.5269080676971581,6.33517236557014,-0.7837308531765275,6.804507345914644,0.8019644599648865,Item_1_4_Item_9_5,2
Item_1_4,Item_10_5,0.3917031574133845,6.33517236557014,-0.7837308531765275,4.406810454488165,0.18093062923064873,Item_1_4_Item_10_5,30
Item_1_4,Item_11_3,0.24758820399221548,6.33517236557014,-0.7837308531765275,4.860303521944785,-1.9508363621833809,Item_1_4_Item_11_3,2
Item_1_4,Item_11_4,0.33876961623123225,6.33517236557014,-0.7837308531765275,5.872554204996236,0.8549928826365618,Item_1_4_Item_11_4,1
Item_1_4,Item_11_5,0.48803338038886973,6.33517236557014,-0.7837308531765275,7.271333354149216,0.48129249019936804,Item_1_4_Item_11_5,1
Item_1_4,Item_12_5,0.6481829962868434,6.33517236557014,-0.7837308531765275,5.7259555039798204,0.10065765696321671,Item_1_4_Item_12_5,2
Item_1_5,Item_2_3,0.007936507936507936,7.8992908318325785,1.1986127377842037,7.038722256105615,-1.4698923086298294,Item_1_5_Item_2_3,0
Item_1_5,Item_2_4,0.09048052677826303,7.8992908318325785,1.1986127377842037,7.489753601735867,-0.4084296990067995,Item_1_5_Item_2_4,0
Item_1_5,Item_2_5,0.7653660645988425,7.8992908318325785,1.1986127377842037,7.512272068014877,1.6916985308639538,Item_1_5_Item_2_5,1
Item_1_5,Item_3_5,0.6685087748499449,7.8992908318325785,1.1986127377842037,8.403354161417736,1.2004276898477415,Item_1_5_Item_3_5,1
Item_1_5,Item_4_5,0.27766882394821757,7.8992908318325785,1.1986127377842037,6.1779205965995665,0.14156653662165875,Item_1_5_Item_4_5,12
Item_1_5,Item_5_4,0.12680672140092203,7.8992908318325785,1.1986127377842037,6.809185069609078,-0.4012867831503164,Item_1_5_Item_5_4,0
Item_1_5,Item_5_5,0.7183842420084992,7.8992908318325785,1.1986127377842037,8.029545280859734,1.9839749590623534,Item_1_5_Item_5_5,1
Item_1_5,Item_6_5,0.11270076427950972,7.8992908318325785,1.1986127377842037,3.9380984357093927,0.12960579726222354,Item_1_5_Item_6_5,0
Item_1_5,Item_7_3,0.01141849134258643,7.8992908318325785,1.1986127377842037,5.929953764475576,-0.6169045639581219,Item_1_5_Item_7_3,0
Item_1_5,Item_7_4,0.043863446330651264,7.8992908318325785,1.1986127377842037,8.488035339414244,-0.3559374811832323,Item_1_5_Item_7_4,0
Item_1_5,Item_7_5,0.742798353909465,7.8992908318325785,1.1986127377842037,7.168152868550425,2.031842293224406,Item_1_5_Item_7_5,1
Item_1_5,Item_8_5,0.41048603871664646,7.8992908318325785,1.1986127377842037,6.838612409621779,0.30038263159228773,Item_1_5_Item_8_5,36
Item_1_5,Item_9_5,0.45320336329377153,7.8992908318325785,1.1986127377842037,6.804507345914644,0.8019644599648865,Item_1_5_Item_9_5,2
Item_1_5,Item_10_5,0.13771539132540594,7.8992908318325785,1.1986127377842037,4.406810454488165,0.18093062923064873,Item_1_5_Item_10_5,0
Item_1_5,Item_11_5,0.4803250916568451,7.8992908318325785,1.1986127377842037,7.271333354149216,0.48129249019936804,Item_1_5_Item_11_5,5
Item_1_5,Item_12_5,0.2451583705120408,7.8992908318325785,1.1986127377842037,5.7259555039798204,0.10065765696321671,Item_1_5_Item_12_5,0
Item_2_1,Item_3_1,0.5565798486856546,-7.152399403279238,0.0654171889714057,-7.797043678808944,0.49920803364691,Item_2_1_Item_3_1,4
Item_2_1,Item_3_2,0.38009826753750475,-7.152399403279238,0.0654171889714057,-6.977006216265033,-1.7624819239094793,Item_2_1_Item_3_2,10
Item_2_1,Item_3_3,0.0735534446564676,-7.152399403279238,0.0654171889714057,-3.852178658140434,-0.14992763022695121,Item_2_1_Item_3_3,0
Item_2_1,Item_4_1,0.6667245264897824,-7.152399403279238,0.0654171889714057,-6.192126846565541,0.148076521015025,Item_2_1_Item_4_1,1
Item_2_1,Item_5_1,0.44315751043722623,-7.152399403279238,0.0654171889714057,-8.384177049600776,0.38033000992888644,Item_2_1_Item_5_1,46
Item_2_1,Item_5_2,0.5961638392039867,-7.152399403279238,0.0654171889714057,-5.975491339125491,-0.9607788376856243,Item_2_1_Item_5_2,9
Item_2_1,Item_6_1,0.32178384023027745,-7.152399403279238,0.0654171889714057,-9.0452810181873,0.608176637092269,Item_2_1_Item_6_1,44
Item_2_1,Item_6_2,0.2528301601809323,-7.152399403279238,0.0654171889714057,-7.533863184463678,1.7401277208579966,Item_2_1_Item_6_2,43
Item_2_1,Item_6_3,0.5540666483682091,-7.152399403279238,0.0654171889714057,-7.117936694198675,-1.0876589408403996,Item_2_1_Item_6_3,5
Item_2_1,Item_6_4,0.31385480288043544,-7.152399403279238,0.0654171889714057,-4.9080499467993866,-1.0924148899818464,Item_2_1_Item_6_4,1
Item_2_1,Item_7_1,0.48776395862582667,-7.152399403279238,0.0654171889714057,-5.429858272613147,0.38301725120398267,Item_2_1_Item_7_1,60
Item_2_1,Item_8_1,0.44315751043722623,-7.152399403279238,0.0654171889714057,-7.877737022799604,1.0750792044545787,Item_2_1_Item_8_1,46
Item_2_1,Item_8_2,0.44713495070984843,-7.152399403279238,0.0654171889714057,-7.709201672136028,-1.083915588041315,Item_2_1_Item_8_2,41
Item_2_1,Item_9_1,0.7986422769992162,-7.152399403279238,0.0654171889714057,-6.694733019544076,0.18563671938600157,Item_2_1_Item_9_1,1
Item_2_1,Item_10_1,0.36126118235049587,-7.152399403279238,0.0654171889714057,-8.56007781388099,1.0429349833812034,Item_2_1_Item_10_1,45
Item_2_1,Item_10_2,0.46105898061802086,-7.152399403279238,0.0654171889714057,-7.8932165880213425,-0.4488622012876986,Item_2_1_Item_10_2,40
Item_2_1,Item_10_3,0.44392006960667235,-7.152399403279238,0.0654171889714057,-5.20395356154417,-0.7381258309584444,Item_2_1_Item_10_3,6
Item_2_1,Item_11_1,0.48378829572902193,-7.152399403279238,0.0654171889714057,-5.23880097545206,0.13931496056126935,Item_2_1_Item_11_1,331
Item_2_1,Item_12_1,0.3003812381103157,-7.152399403279238,0.0654171889714057,-8.932995952532524,1.47770802856859,Item_2_1_Item_12_1,44
Item_2_1,Item_12_2,0.7499932563082117,-7.152399403279238,0.0654171889714057,-6.852639366068484,-0.4846867695435746,Item_2_1_Item_12_2,3
Item_2_2,Item_3_3,0.11552773823027801,1.268805293126655,-0.3674556008310771,-3.852178658140434,-0.14992763022695121,Item_2_2_Item_3_3,0
Item_2_2,Item_3_4,0.3092214426712805,1.268805293126655,-0.3674556008310771,4.576130557322581,-0.33854287225049506,Item_2_2_Item_3_4,4
Item_2_2,Item_4_2,0.23614856378817256,1.268805293126655,-0.3674556008310771,-0.9561033774168824,0.39812046510211196,Item_2_2_Item_4_2,1
Item_2_2,Item_4_3,0.2261170105148887,1.268805293126655,-0.3674556008310771,0.8291942999199456,0.7685611925061082,Item_2_2_Item_4_3,1
Item_2_2,Item_4_4,0.2905698779380495,1.268805293126655,-0.3674556008310771,2.4657057259251554,-1.2198550809665207,Item_2_2_Item_4_4,2
Item_2_2,Item_5_3,0.6976779917995141,1.268805293126655,-0.3674556008310771,1.7106040185617228,-0.16038752421062918,Item_2_2_Item_5_3,1
Item_2_2,Item_6_5,0.5594677826407162,1.268805293126655,-0.3674556008310771,3.9380984357093927,0.12960579726222354,Item_2_2_Item_6_5,158
Item_2_2,Item_7_2,0.3616698648357793,1.268805293126655,-0.3674556008310771,2.6725372699416803,-0.5054383812463452,Item_2_2_Item_7_2,6
Item_2_2,Item_8_3,0.4540888743312589,1.268805293126655,-0.3674556008310771,-1.5814436183972673,-0.2851166441970765,Item_2_2_Item_8_3,147
Item_2_2,Item_8_4,0.15298471528074659,1.268805293126655,-0.3674556008310771,4.677604558787852,-1.090663800038167,Item_2_2_Item_8_4,0
Item_2_2,Item_9_2,0.5273359614619095,1.268805293126655,-0.3674556008310771,-0.09484241523578163,-0.08675213426855355,Item_2_2_Item_9_2,1
Item_2_2,Item_9_3,0.25238356602476403,1.268805293126655,-0.3674556008310771,3.5717605411480378,-1.036145453271462,Item_2_2_Item_9_3,2
Item_2_2,Item_9_4,0.1032219020221669,1.268805293126655,-0.3674556008310771,5.497376634741563,-1.3621518409274611,Item_2_2_Item_9_4,0
Item_2_2,Item_10_4,0.172546920058931,1.268805293126655,-0.3674556008310771,-2.45581450828205,-0.5566751918379708,Item_2_2_Item_10_4,4
Item_2_2,Item_10_5,0.4273997427335,1.268805293126655,-0.3674556008310771,4.406810454488165,0.18093062923064873,Item_2_2_Item_10_5,66
Item_2_2,Item_11_2,0.37500319546593475,1.268805293126655,-0.3674556008310771,2.9183208964215046,0.07853559420122314,Item_2_2_Item_11_2,5
Item_2_2,Item_11_3,0.1329789845787429,1.268805293126655,-0.3674556008310771,4.860303521944785,-1.9508363621833809,Item_2_2_Item_11_3,2
Item_2_2,Item_11_4,0.01990971867329207,1.268805293126655,-0.3674556008310771,5.872554204996236,0.8549928826365618,Item_2_2_Item_11_4,0
Item_2_2,Item_12_3,0.32245034757996033,1.268805293126655,-0.3674556008310771,-2.774982474026841,0.05502452555174586,Item_2_2_Item_12_3,93
Item_2_2,Item_12_4,0.29182854671011504,1.268805293126655,-0.3674556008310771,1.7012267718805254,-0.8924449439846133,Item_2_2_Item_12_4,1
Item_2_2,Item_12_5,0.00902010270455623,1.268805293126655,-0.3674556008310771,5.7259555039798204,0.10065765696321671,Item_2_2_Item_12_5,0
Item_2_3,Item_3_4,0.18023323961936016,7.038722256105615,-1.4698923086298294,4.576130557322581,-0.33854287225049506,Item_2_3_Item_3_4,0
Item_2_3,Item_4_5,0.27766882394821757,7.038722256105615,-1.4698923086298294,6.1779205965995665,0.14156653662165875,Item_2_3_Item_4_5,35
Item_2_3,Item_5_4,0.23995965542910946,7.038722256105615,-1.4698923086298294,6.809185069609078,-0.4012867831503164,Item_2_3_Item_5_4,2
Item_2_3,Item_6_5,0.11270076427950972,7.038722256105615,-1.4698923086298294,3.9380984357093927,0.12960579726222354,Item_2_3_Item_6_5,0
Item_2_3,Item_7_3,0.32170358217373946,7.038722256105615,-1.4698923086298294,5.929953764475576,-0.6169045639581219,Item_2_3_Item_7_3,10
Item_2_3,Item_8_4,0.11607173053596263,7.038722256105615,-1.4698923086298294,4.677604558787852,-1.090663800038167,Item_2_3_Item_8_4,0
Item_2_3,Item_8_5,0.2559872787446735,7.038722256105615,-1.4698923086298294,6.838612409621779,0.30038263159228773,Item_2_3_Item_8_5,6
Item_2_3,Item_9_4,0.17338465792365368,7.038722256105615,-1.4698923086298294,5.497376634741563,-1.3621518409274611,Item_2_3_Item_9_4,0
Item_2_3,Item_9_5,0.21327651352919139,7.038722256105615,-1.4698923086298294,6.804507345914644,0.8019644599648865,Item_2_3_Item_9_5,1
Item_2_3,Item_10_5,0.13771539132540594,7.038722256105615,-1.4698923086298294,4.406810454488165,0.18093062923064873,Item_2_3_Item_10_5,0
Item_2_3,Item_11_3,0.04953800458563791,7.038722256105615,-1.4698923086298294,4.860303521944785,-1.9508363621833809,Item_2_3_Item_11_3,0
Item_2_3,Item_11_4,0.19707875303333452,7.038722256105615,-1.4698923086298294,5.872554204996236,0.8549928826365618,Item_2_3_Item_11_4,1
Item_2_3,Item_11_5,0.21017599623679722,7.038722256105615,-1.4698923086298294,7.271333354149216,0.48129249019936804,Item_2_3_Item_11_5,1
Item_2_3,Item_12_5,0.2451583705120408,7.038722256105615,-1.4698923086298294,5.7259555039798204,0.10065765696321671,Item_2_3_Item_12_5,2
Item_2_4,Item_3_4,0.21506923035254394,7.489753601735867,-0.4084296990067995,4.576130557322581,-0.33854287225049506,Item_2_4_Item_3_4,0
Item_2_4,Item_3_5,0.12053791618215078,7.489753601735867,-0.4084296990067995,8.403354161417736,1.2004276898477415,Item_2_4_Item_3_5,0
Item_2_4,Item_4_5,0.39846415016047637,7.489753601735867,-0.4084296990067995,6.1779205965995665,0.14156653662165875,Item_2_4_Item_4_5,38
Item_2_4,Item_5_4,0.5608545996867529,7.489753601735867,-0.4084296990067995,6.809185069609078,-0.4012867831503164,Item_2_4_Item_5_4,2
Item_2_4,Item_5_5,0.022771961535940244,7.489753601735867,-0.4084296990067995,8.029545280859734,1.9839749590623534,Item_2_4_Item_5_5,0
Item_2_4,Item_6_5,0.1617294070775686,7.489753601735867,-0.4084296990067995,3.9380984357093927,0.12960579726222354,Item_2_4_Item_6_5,0
Item_2_4,Item_7_3,0.3948650776187315,7.489753601735867,-0.4084296990067995,5.929953764475576,-0.6169045639581219,Item_2_4_Item_7_3,2
Item_2_4,Item_7_4,0.2377942186942221,7.489753601735867,-0.4084296990067995,8.488035339414244,-0.3559374811832323,Item_2_4_Item_7_4,1
Item_2_4,Item_7_5,0.06411673692445678,7.489753601735867,-0.4084296990067995,7.168152868550425,2.031842293224406,Item_2_4_Item_7_5,0
Item_2_4,Item_8_5,0.5397922451336116,7.489753601735867,-0.4084296990067995,6.838612409621779,0.30038263159228773,Item_2_4_Item_8_5,1
Item_2_4,Item_9_4,0.008336512886075011,7.489753601735867,-0.4084296990067995,5.497376634741563,-1.3621518409274611,Item_2_4_Item_9_4,0
Item_2_4,Item_9_5,0.5709075777844721,7.489753601735867,-0.4084296990067995,6.804507345914644,0.8019644599648865,Item_2_4_Item_9_5,1
Item_2_4,Item_10_5,0.19762624261601974,7.489753601735867,-0.4084296990067995,4.406810454488165,0.18093062923064873,Item_2_4_Item_10_5,0
Item_2_4,Item_11_4,0.07301150329990501,7.489753601735867,-0.4084296990067995,5.872554204996236,0.8549928826365618,Item_2_4_Item_11_4,0
Item_2_4,Item_11_5,0.5923644746220378,7.489753601735867,-0.4084296990067995,7.271333354149216,0.48129249019936804,Item_2_4_Item_11_5,6
Item_2_4,Item_12_5,0.3518105503231617,7.489753601735867,-0.4084296990067995,5.7259555039798204,0.10065765696321671,Item_2_4_Item_12_5,2
Item_2_5,Item_3_4,0.004417801989052088,7.512272068014877,1.6916985308639538,4.576130557322581,-0.33854287225049506,Item_2_5_Item_3_4,0
Item_2_5,Item_3_5,0.6138024404044378,7.512272068014877,1.6916985308639538,8.403354161417736,1.2004276898477415,Item_2_5_Item_3_5,1
Item_2_5,Item_4_5,0.28272917221001764,7.512272068014877,1.6916985308639538,6.1779205965995665,0.14156653662165875,Item_2_5_Item_4_5,12
Item_2_5,Item_5_4,0.10395578435078363,7.512272068014877,1.6916985308639538,6.809185069609078,-0.4012867831503164,Item_2_5_Item_5_4,0
Item_2_5,Item_5_5,0.7866124829918834,7.512272068014877,1.6916985308639538,8.029545280859734,1.9839749590623534,Item_2_5_Item_5_5,1
Item_2_5,Item_6_5,0.11475466830991578,7.512272068014877,1.6916985308639538,3.9380984357093927,0.12960579726222354,Item_2_5_Item_6_5,0
Item_2_5,Item_7_4,0.10241649271216423,7.512272068014877,1.6916985308639538,8.488035339414244,-0.3559374811832323,Item_2_5_Item_7_4,0
Item_2_5,Item_7_5,0.8376113038473645,7.512272068014877,1.6916985308639538,7.168152868550425,2.031842293224406,Item_2_5_Item_7_5,1
Item_2_5,Item_8_5,0.41796690128874553,7.512272068014877,1.6916985308639538,6.838612409621779,0.30038263159228773,Item_2_5_Item_8_5,36
Item_2_5,Item_9_5,0.46146272355999024,7.512272068014877,1.6916985308639538,6.804507345914644,0.8019644599648865,Item_2_5_Item_9_5,2
Item_2_5,Item_10_5,0.1402251719741928,7.512272068014877,1.6916985308639538,4.406810454488165,0.18093062923064873,Item_2_5_Item_10_5,0
Item_2_5,Item_11_5,0.4890787292028375,7.512272068014877,1.6916985308639538,7.271333354149216,0.48129249019936804,Item_2_5_Item_11_5,5
Item_2_5,Item_12_5,0.24962623520223629,7.512272068014877,1.6916985308639538,5.7259555039798204,0.10065765696321671,Item_2_5_Item_12_5,0
Item_3_1,Item_4_1,0.3710854360686978,-7.797043678808944,0.49920803364691,-6.192126846565541,0.148076521015025,Item_3_1_Item_4_1,10
Item_3_1,Item_5_1,0.7072363172683207,-7.797043678808944,0.49920803364691,-8.384177049600776,0.38033000992888644,Item_3_1_Item_5_1,2
Item_3_1,Item_5_2,0.11263831544137826,-7.797043678808944,0.49920803364691,-5.975491339125491,-0.9607788376856243,Item_3_1_Item_5_2,0
Item_3_1,Item_6_1,0.5781449705557247,-7.797043678808944,0.49920803364691,-9.0452810181873,0.608176637092269,Item_3_1_Item_6_1,7
Item_3_1,Item_6_2,0.40433843702131134,-7.797043678808944,0.49920803364691,-7.533863184463678,1.7401277208579966,Item_3_1_Item_6_2,7
Item_3_1,Item_6_3,0.3177832058860097,-7.797043678808944,0.49920803364691,-7.117936694198675,-1.0876589408403996,Item_3_1_Item_6_3,4
Item_3_1,Item_7_1,0.2714795902862785,-7.797043678808944,0.49920803364691,-5.429858272613147,0.38301725120398267,Item_3_1_Item_7_1,6
Item_3_1,Item_8_1,0.7072363172683207,-7.797043678808944,0.49920803364691,-7.877737022799604,1.0750792044545787,Item_3_1_Item_8_1,2
Item_3_1,Item_8_2,0.3178134320652956,-7.797043678808944,0.49920803364691,-7.709201672136028,-1.083915588041315,Item_3_1_Item_8_2,6
Item_3_1,Item_9_1,0.45843738412659496,-7.797043678808944,0.49920803364691,-6.694733019544076,0.18563671938600157,Item_3_1_Item_9_1,7
Item_3_1,Item_10_1,0.6134100392656419,-7.797043678808944,0.49920803364691,-8.56007781388099,1.0429349833812034,Item_3_1_Item_10_1,4
Item_3_1,Item_10_2,0.46528118665341095,-7.797043678808944,0.49920803364691,-7.8932165880213425,-0.4488622012876986,Item_3_1_Item_10_2,7
Item_3_1,Item_11_1,0.26926681643274974,-7.797043678808944,0.49920803364691,-5.23880097545206,0.13931496056126935,Item_3_1_Item_11_1,33
Item_3_1,Item_12_1,0.5396911850467752,-7.797043678808944,0.49920803364691,-8.932995952532524,1.47770802856859,Item_3_1_Item_12_1,9
Item_3_1,Item_12_2,0.40644700171014325,-7.797043678808944,0.49920803364691,-6.852639366068484,-0.4846867695435746,Item_3_1_Item_12_2,5
Item_3_2,Item_4_1,0.26784351329826345,-6.977006216265033,-1.7624819239094793,-6.192126846565541,0.148076521015025,Item_3_2_Item_4_1,1
Item_3_2,Item_5_1,0.06112397733671166,-6.977006216265033,-1.7624819239094793,-8.384177049600776,0.38033000992888644,Item_3_2_Item_5_1,0
Item_3_2,Item_5_2,0.32421604543420646,-6.977006216265033,-1.7624819239094793,-5.975491339125491,-0.9607788376856243,Item_3_2_Item_5_2,3
Item_3_2,Item_6_2,6.617800358423692e-4,-6.977006216265033,-1.7624819239094793,-7.533863184463678,1.7401277208579966,Item_3_2_Item_6_2,0
Item_3_2,Item_6_3,0.4031018498318591,-6.977006216265033,-1.7624819239094793,-7.117936694198675,-1.0876589408403996,Item_3_2_Item_6_3,1
Item_3_2,Item_6_4,0.128382484224199,-6.977006216265033,-1.7624819239094793,-4.9080499467993866,-1.0924148899818464,Item_3_2_Item_6_4,0
Item_3_2,Item_7_1,0.19594961209307238,-6.977006216265033,-1.7624819239094793,-5.429858272613147,0.38301725120398267,Item_3_2_Item_7_1,0
Item_3_2,Item_8_1,0.04146364368064487,-6.977006216265033,-1.7624819239094793,-7.877737022799604,1.0750792044545787,Item_3_2_Item_8_1,0
Item_3_2,Item_8_2,0.31326919455441465,-6.977006216265033,-1.7624819239094793,-7.709201672136028,-1.083915588041315,Item_3_2_Item_8_2,1
Item_3_2,Item_9_1,0.33089274775257177,-6.977006216265033,-1.7624819239094793,-6.694733019544076,0.18563671938600157,Item_3_2_Item_9_1,1
Item_3_2,Item_10_2,0.2941628454685463,-6.977006216265033,-1.7624819239094793,-7.8932165880213425,-0.4488622012876986,Item_3_2_Item_10_2,1
Item_3_2,Item_10_3,0.20375178981491657,-6.977006216265033,-1.7624819239094793,-5.20395356154417,-0.7381258309584444,Item_3_2_Item_10_3,0
Item_3_2,Item_11_1,0.19435246743187914,-6.977006216265033,-1.7624819239094793,-5.23880097545206,0.13931496056126935,Item_3_2_Item_11_1,0
Item_3_2,Item_12_2,0.4272362355397372,-6.977006216265033,-1.7624819239094793,-6.852639366068484,-0.4846867695435746,Item_3_2_Item_12_2,2
Item_3_3,Item_4_1,0.4487507247541753,-3.852178658140434,-0.14992763022695121,-6.192126846565541,0.148076521015025,Item_3_3_Item_4_1,43
Item_3_3,Item_4_2,0.19959823030947063,-3.852178658140434,-0.14992763022695121,-0.9561033774168824,0.39812046510211196,Item_3_3_Item_4_2,3
Item_3_3,Item_5_2,0.3723298542492971,-3.852178658140434,-0.14992763022695121,-5.975491339125491,-0.9607788376856243,Item_3_3_Item_5_2,37
Item_3_3,Item_6_4,0.43275648453947385,-3.852178658140434,-0.14992763022695121,-4.9080499467993866,-1.0924148899818464,Item_3_3_Item_6_4,4
Item_3_3,Item_7_1,0.5667214651178654,-3.852178658140434,-0.14992763022695121,-5.429858272613147,0.38301725120398267,Item_3_3_Item_7_1,1
Item_3_3,Item_8_3,0.504874169262857,-3.852178658140434,-0.14992763022695121,-1.5814436183972673,-0.2851166441970765,Item_3_3_Item_8_3,118
Item_3_3,Item_9_1,0.26750476388320676,-3.852178658140434,-0.14992763022695121,-6.694733019544076,0.18563671938600157,Item_3_3_Item_9_1,0
Item_3_3,Item_9_2,0.23663944031143214,-3.852178658140434,-0.14992763022695121,-0.09484241523578163,-0.08675213426855355,Item_3_3_Item_9_2,0
Item_3_3,Item_10_3,0.48163274148968543,-3.852178658140434,-0.14992763022695121,-5.20395356154417,-0.7381258309584444,Item_3_3_Item_10_3,4
Item_3_3,Item_10_4,0.2874218967350038,-3.852178658140434,-0.14992763022695121,-2.45581450828205,-0.5566751918379708,Item_3_3_Item_10_4,9
Item_3_3,Item_11_1,0.5528191388468027,-3.852178658140434,-0.14992763022695121,-5.23880097545206,0.13931496056126935,Item_3_3_Item_11_1,1
Item_3_3,Item_12_2,0.053168987857975844,-3.852178658140434,-0.14992763022695121,-6.852639366068484,-0.4846867695435746,Item_3_3_Item_12_2,0
Item_3_3,Item_12_3,0.62308200269001,-3.852178658140434,-0.14992763022695121,-2.774982474026841,0.05502452555174586,Item_3_3_Item_12_3,4
Item_3_4,Item_4_3,0.10094142945415166,4.576130557322581,-0.33854287225049506,0.8291942999199456,0.7685611925061082,Item_3_4_Item_4_3,0
Item_3_4,Item_4_4,0.3274104161474619,4.576130557322581,-0.33854287225049506,2.4657057259251554,-1.2198550809665207,Item_3_4_Item_4_4,21
Item_3_4,Item_4_5,0.5545397404198936,4.576130557322581,-0.33854287225049506,6.1779205965995665,0.14156653662165875,Item_3_4_Item_4_5,16
Item_3_4,Item_5_3,0.3699415724075068,4.576130557322581,-0.33854287225049506,1.7106040185617228,-0.16038752421062918,Item_3_4_Item_5_3,100
Item_3_4,Item_5_4,0.3491446777962735,4.576130557322581,-0.33854287225049506,6.809185069609078,-0.4012867831503164,Item_3_4_Item_5_4,9
Item_3_4,Item_6_5,0.6209572706445701,4.576130557322581,-0.33854287225049506,3.9380984357093927,0.12960579726222354,Item_3_4_Item_6_5,8
Item_3_4,Item_7_2,0.41762279850286393,4.576130557322581,-0.33854287225049506,2.6725372699416803,-0.5054383812463452,Item_3_4_Item_7_2,21
Item_3_4,Item_7_3,0.4955792547544099,4.576130557322581,-0.33854287225049506,5.929953764475576,-0.6169045639581219,Item_3_4_Item_7_3,10
Item_3_4,Item_7_4,0.10672628894608338,4.576130557322581,-0.33854287225049506,8.488035339414244,-0.3559374811832323,Item_3_4_Item_7_4,0
Item_3_4,Item_8_4,0.3339562412970286,4.576130557322581,-0.33854287225049506,4.677604558787852,-1.090663800038167,Item_3_4_Item_8_4,38
Item_3_4,Item_8_5,0.32558794521381235,4.576130557322581,-0.33854287225049506,6.838612409621779,0.30038263159228773,Item_3_4_Item_8_5,12
Item_3_4,Item_9_2,0.006787506535450617,4.576130557322581,-0.33854287225049506,-0.09484241523578163,-0.08675213426855355,Item_3_4_Item_9_2,0
Item_3_4,Item_9_3,0.3610847308070958,4.576130557322581,-0.33854287225049506,3.5717605411480378,-1.036145453271462,Item_3_4_Item_9_3,1
Item_3_4,Item_9_4,0.31314110924880595,4.576130557322581,-0.33854287225049506,5.497376634741563,-1.3621518409274611,Item_3_4_Item_9_4,32
Item_3_4,Item_9_5,0.275678644790888,4.576130557322581,-0.33854287225049506,6.804507345914644,0.8019644599648865,Item_3_4_Item_9_5,0
Item_3_4,Item_10_5,0.7272399595999153,4.576130557322581,-0.33854287225049506,4.406810454488165,0.18093062923064873,Item_3_4_Item_10_5,1
Item_3_4,Item_11_2,0.4448866171438017,4.576130557322581,-0.33854287225049506,2.9183208964215046,0.07853559420122314,Item_3_4_Item_11_2,21
Item_3_4,Item_11_3,0.23318130812444818,4.576130557322581,-0.33854287225049506,4.860303521944785,-1.9508363621833809,Item_3_4_Item_11_3,32
Item_3_4,Item_11_4,0.2305120202225527,4.576130557322581,-0.33854287225049506,5.872554204996236,0.8549928826365618,Item_3_4_Item_11_4,5
Item_3_4,Item_11_5,0.24766700760977448,4.576130557322581,-0.33854287225049506,7.271333354149216,0.48129249019936804,Item_3_4_Item_11_5,0
Item_3_4,Item_12_4,0.24714842040670845,4.576130557322581,-0.33854287225049506,1.7012267718805254,-0.8924449439846133,Item_3_4_Item_12_4,4
Item_3_4,Item_12_5,0.6495463058900355,4.576130557322581,-0.33854287225049506,5.7259555039798204,0.10065765696321671,Item_3_4_Item_12_5,12
Item_3_5,Item_4_5,0.23371317622140134,8.403354161417736,1.2004276898477415,6.1779205965995665,0.14156653662165875,Item_3_5_Item_4_5,0
Item_3_5,Item_5_4,0.08133543000699765,8.403354161417736,1.2004276898477415,6.809185069609078,-0.4012867831503164,Item_3_5_Item_5_4,0
Item_3_5,Item_5_5,0.6603145789049178,8.403354161417736,1.2004276898477415,8.029545280859734,1.9839749590623534,Item_3_5_Item_5_5,1
Item_3_5,Item_6_5,0.09485996017779708,8.403354161417736,1.2004276898477415,3.9380984357093927,0.12960579726222354,Item_3_5_Item_6_5,0
Item_3_5,Item_7_5,0.7118059752935942,8.403354161417736,1.2004276898477415,7.168152868550425,2.031842293224406,Item_3_5_Item_7_5,1
Item_3_5,Item_8_5,0.34550510402600926,8.403354161417736,1.2004276898477415,6.838612409621779,0.30038263159228773,Item_3_5_Item_8_5,43
Item_3_5,Item_9_5,0.3814601726024594,8.403354161417736,1.2004276898477415,6.804507345914644,0.8019644599648865,Item_3_5_Item_9_5,3
Item_3_5,Item_10_5,0.11591471114249467,8.403354161417736,1.2004276898477415,4.406810454488165,0.18093062923064873,Item_3_5_Item_10_5,0
Item_3_5,Item_11_5,0.40428846563952753,8.403354161417736,1.2004276898477415,7.271333354149216,0.48129249019936804,Item_3_5_Item_11_5,9
Item_3_5,Item_12_5,0.20634920634920634,8.403354161417736,1.2004276898477415,5.7259555039798204,0.10065765696321671,Item_3_5_Item_12_5,0
Item_4_1,Item_5_1,0.29546398130665047,-6.192126846565541,0.148076521015025,-8.384177049600776,0.38033000992888644,Item_4_1_Item_5_1,2
Item_4_1,Item_5_2,0.6438276274098887,-6.192126846565541,0.148076521015025,-5.975491339125491,-0.9607788376856243,Item_4_1_Item_5_2,1
Item_4_1,Item_6_1,0.21454117850959553,-6.192126846565541,0.148076521015025,-9.0452810181873,0.608176637092269,Item_4_1_Item_6_1,0
Item_4_1,Item_6_2,0.1685680688289679,-6.192126846565541,0.148076521015025,-7.533863184463678,1.7401277208579966,Item_4_1_Item_6_2,0
Item_4_1,Item_6_3,0.3800783914365527,-6.192126846565541,0.148076521015025,-7.117936694198675,-1.0876589408403996,Item_4_1_Item_6_3,1
Item_4_1,Item_6_4,0.47627167480017685,-6.192126846565541,0.148076521015025,-4.9080499467993866,-1.0924148899818464,Item_4_1_Item_6_4,1
Item_4_1,Item_7_1,0.7192859764016276,-6.192126846565541,0.148076521015025,-5.429858272613147,0.38301725120398267,Item_4_1_Item_7_1,5
Item_4_1,Item_8_1,0.29546398130665047,-6.192126846565541,0.148076521015025,-7.877737022799604,1.0750792044545787,Item_4_1_Item_8_1,2
Item_4_1,Item_8_2,0.2981158382890559,-6.192126846565541,0.148076521015025,-7.709201672136028,-1.083915588041315,Item_4_1_Item_8_2,1
Item_4_1,Item_8_3,0.1245248189622076,-6.192126846565541,0.148076521015025,-1.5814436183972673,-0.2851166441970765,Item_4_1_Item_8_3,0
Item_4_1,Item_9_1,0.779033002957276,-6.192126846565541,0.148076521015025,-6.694733019544076,0.18563671938600157,Item_4_1_Item_9_1,1
Item_4_1,Item_10_1,0.2408616907417733,-6.192126846565541,0.148076521015025,-8.56007781388099,1.0429349833812034,Item_4_1_Item_10_1,2
Item_4_1,Item_10_2,0.3136692034771071,-6.192126846565541,0.148076521015025,-7.8932165880213425,-0.4488622012876986,Item_4_1_Item_10_2,2
Item_4_1,Item_10_3,0.5826189996984058,-6.192126846565541,0.148076521015025,-5.20395356154417,-0.7381258309584444,Item_4_1_Item_10_3,1
Item_4_1,Item_10_4,0.16042785708812274,-6.192126846565541,0.148076521015025,-2.45581450828205,-0.5566751918379708,Item_4_1_Item_10_4,0
Item_4_1,Item_11_1,0.6968924644847769,-6.192126846565541,0.148076521015025,-5.23880097545206,0.13931496056126935,Item_4_1_Item_11_1,1
Item_4_1,Item_12_1,0.20027153874551484,-6.192126846565541,0.148076521015025,-8.932995952532524,1.47770802856859,Item_4_1_Item_12_1,0
Item_4_1,Item_12_2,0.5536289677846477,-6.192126846565541,0.148076521015025,-6.852639366068484,-0.4846867695435746,Item_4_1_Item_12_2,1
Item_4_1,Item_12_3,0.26297688392570634,-6.192126846565541,0.148076521015025,-2.774982474026841,0.05502452555174586,Item_4_1_Item_12_3,0
Item_4_2,Item_5_3,0.22016624333952273,-0.9561033774168824,0.39812046510211196,1.7106040185617228,-0.16038752421062918,Item_4_2_Item_5_3,6
Item_4_2,Item_6_5,0.16631662227940927,-0.9561033774168824,0.39812046510211196,3.9380984357093927,0.12960579726222354,Item_4_2_Item_6_5,0
Item_4_2,Item_7_1,0.14188141642274513,-0.9561033774168824,0.39812046510211196,-5.429858272613147,0.38301725120398267,Item_4_2_Item_7_1,0
Item_4_2,Item_7_2,0.004385866982650671,-0.9561033774168824,0.39812046510211196,2.6725372699416803,-0.5054383812463452,Item_4_2_Item_7_2,0
Item_4_2,Item_8_3,0.23614856378817256,-0.9561033774168824,0.39812046510211196,-1.5814436183972673,-0.2851166441970765,Item_4_2_Item_8_3,1
Item_4_2,Item_9_2,0.3504109553915339,-0.9561033774168824,0.39812046510211196,-0.09484241523578163,-0.08675213426855355,Item_4_2_Item_9_2,26
Item_4_2,Item_10_4,0.14102296604682696,-0.9561033774168824,0.39812046510211196,-2.45581450828205,-0.5566751918379708,Item_4_2_Item_10_4,0
Item_4_2,Item_10_5,0.09563446104426578,-0.9561033774168824,0.39812046510211196,4.406810454488165,0.18093062923064873,Item_4_2_Item_10_5,0
Item_4_2,Item_11_1,0.1744951634699552,-0.9561033774168824,0.39812046510211196,-5.23880097545206,0.13931496056126935,Item_4_2_Item_11_1,0
Item_4_2,Item_12_3,0.2787462660836743,-0.9561033774168824,0.39812046510211196,-2.774982474026841,0.05502452555174586,Item_4_2_Item_12_3,22
Item_4_2,Item_12_4,0.07792205743691669,-0.9561033774168824,0.39812046510211196,1.7012267718805254,-0.8924449439846133,Item_4_2_Item_12_4,0
Item_4_3,Item_5_3,0.27736672182985034,0.8291942999199456,0.7685611925061082,1.7106040185617228,-0.16038752421062918,Item_4_3_Item_5_3,2
Item_4_3,Item_6_5,0.19460465897230442,0.8291942999199456,0.7685611925061082,3.9380984357093927,0.12960579726222354,Item_4_3_Item_6_5,1
Item_4_3,Item_7_1,0.023886040291366546,0.8291942999199456,0.7685611925061082,-5.429858272613147,0.38301725120398267,Item_4_3_Item_7_1,0
Item_4_3,Item_7_2,0.14240171335640764,0.8291942999199456,0.7685611925061082,2.6725372699416803,-0.5054383812463452,Item_4_3_Item_7_2,0
Item_4_3,Item_8_3,0.21862348903966455,0.8291942999199456,0.7685611925061082,-1.5814436183972673,-0.2851166441970765,Item_4_3_Item_8_3,5
Item_4_3,Item_9_2,0.3442463885870456,0.8291942999199456,0.7685611925061082,-0.09484241523578163,-0.08675213426855355,Item_4_3_Item_9_2,23
Item_4_3,Item_10_5,0.20333437717874558,0.8291942999199456,0.7685611925061082,4.406810454488165,0.18093062923064873,Item_4_3_Item_10_5,18
Item_4_3,Item_11_1,0.050479963727438154,0.8291942999199456,0.7685611925061082,-5.23880097545206,0.13931496056126935,Item_4_3_Item_11_1,0
Item_4_3,Item_11_2,0.08827820530951552,0.8291942999199456,0.7685611925061082,2.9183208964215046,0.07853559420122314,Item_4_3_Item_11_2,0
Item_4_3,Item_12_3,0.12311854352063077,0.8291942999199456,0.7685611925061082,-2.774982474026841,0.05502452555174586,Item_4_3_Item_12_3,0
Item_4_3,Item_12_4,0.24852188098705555,0.8291942999199456,0.7685611925061082,1.7012267718805254,-0.8924449439846133,Item_4_3_Item_12_4,1
Item_4_4,Item_5_3,0.35051200036914376,2.4657057259251554,-1.2198550809665207,1.7106040185617228,-0.16038752421062918,Item_4_4_Item_5_3,26
Item_4_4,Item_6_5,0.26007418712868424,2.4657057259251554,-1.2198550809665207,3.9380984357093927,0.12960579726222354,Item_4_4_Item_6_5,1
Item_4_4,Item_7_2,0.3987760120442005,2.4657057259251554,-1.2198550809665207,2.6725372699416803,-0.5054383812463452,Item_4_4_Item_7_2,1
Item_4_4,Item_8_3,0.17364034959275795,2.4657057259251554,-1.2198550809665207,-1.5814436183972673,-0.2851166441970765,Item_4_4_Item_8_3,0
Item_4_4,Item_8_4,0.05175957062471071,2.4657057259251554,-1.2198550809665207,4.677604558787852,-1.090663800038167,Item_4_4_Item_8_4,0
Item_4_4,Item_9_2,0.16576373722487728,2.4657057259251554,-1.2198550809665207,-0.09484241523578163,-0.08675213426855355,Item_4_4_Item_9_2,0
Item_4_4,Item_9_3,0.3016346125873918,2.4657057259251554,-1.2198550809665207,3.5717605411480378,-1.036145453271462,Item_4_4_Item_9_3,1
Item_4_4,Item_10_5,0.3117804396006961,2.4657057259251554,-1.2198550809665207,4.406810454488165,0.18093062923064873,Item_4_4_Item_10_5,1
Item_4_4,Item_11_2,0.4230551922249564,2.4657057259251554,-1.2198550809665207,2.9183208964215046,0.07853559420122314,Item_4_4_Item_11_2,1
Item_4_4,Item_11_3,0.05457164667694685,2.4657057259251554,-1.2198550809665207,4.860303521944785,-1.9508363621833809,Item_4_4_Item_11_3,0
Item_4_4,Item_12_4,0.3041056087910099,2.4657057259251554,-1.2198550809665207,1.7012267718805254,-0.8924449439846133,Item_4_4_Item_12_4,1
Item_4_4,Item_12_5,0.11897737184610127,2.4657057259251554,-1.2198550809665207,5.7259555039798204,0.10065765696321671,Item_4_4_Item_12_5,0
Item_4_5,Item_5_4,0.5885249242708909,6.1779205965995665,0.14156653662165875,6.809185069609078,-0.4012867831503164,Item_4_5_Item_5_4,3
Item_4_5,Item_5_5,0.24537095355365252,6.1779205965995665,0.14156653662165875,8.029545280859734,1.9839749590623534,Item_4_5_Item_5_5,3
Item_4_5,Item_6_5,0.40588195202111443,6.1779205965995665,0.14156653662165875,3.9380984357093927,0.12960579726222354,Item_4_5_Item_6_5,102
Item_4_5,Item_7_2,0.05791548121572393,6.1779205965995665,0.14156653662165875,2.6725372699416803,-0.5054383812463452,Item_4_5_Item_7_2,0
Item_4_5,Item_7_3,0.66640989469272,6.1779205965995665,0.14156653662165875,5.929953764475576,-0.6169045639581219,Item_4_5_Item_7_3,1
Item_4_5,Item_7_4,0.1644234060187939,6.1779205965995665,0.14156653662165875,8.488035339414244,-0.3559374811832323,Item_4_5_Item_7_4,0
Item_4_5,Item_7_5,0.27766882394821757,6.1779205965995665,0.14156653662165875,7.168152868550425,2.031842293224406,Item_4_5_Item_7_5,12
Item_4_5,Item_8_4,0.37315076767271155,6.1779205965995665,0.14156653662165875,4.677604558787852,-1.090663800038167,Item_4_5_Item_8_4,12
Item_4_5,Item_8_5,0.663710722473878,6.1779205965995665,0.14156653662165875,6.838612409621779,0.30038263159228773,Item_4_5_Item_8_5,3
Item_4_5,Item_9_3,0.18162008500399873,6.1779205965995665,0.14156653662165875,3.5717605411480378,-1.036145453271462,Item_4_5_Item_9_3,0
Item_4_5,Item_9_4,0.4161602367198034,6.1779205965995665,0.14156653662165875,5.497376634741563,-1.3621518409274611,Item_4_5_Item_9_4,12
Item_4_5,Item_9_5,0.6058381859024285,6.1779205965995665,0.14156653662165875,6.804507345914644,0.8019644599648865,Item_4_5_Item_9_5,6
Item_4_5,Item_10_5,0.4959699449409145,6.1779205965995665,0.14156653662165875,4.406810454488165,0.18093062923064873,Item_4_5_Item_10_5,14
Item_4_5,Item_11_2,0.1185471377577111,6.1779205965995665,0.14156653662165875,2.9183208964215046,0.07853559420122314,Item_4_5_Item_11_2,0
Item_4_5,Item_11_3,0.25196649420847467,6.1779205965995665,0.14156653662165875,4.860303521944785,-1.9508363621833809,Item_4_5_Item_11_3,4
Item_4_5,Item_11_4,0.33344809972439415,6.1779205965995665,0.14156653662165875,5.872554204996236,0.8549928826365618,Item_4_5_Item_11_4,2
Item_4_5,Item_11_5,0.5780851943220787,6.1779205965995665,0.14156653662165875,7.271333354149216,0.48129249019936804,Item_4_5_Item_11_5,7
Item_4_5,Item_12_5,0.796484055847228,6.1779205965995665,0.14156653662165875,5.7259555039798204,0.10065765696321671,Item_4_5_Item_12_5,2
Item_5_1,Item_6_1,0.7020023358840498,-8.384177049600776,0.38033000992888644,-9.0452810181873,0.608176637092269,Item_5_1_Item_6_1,2
Item_5_1,Item_6_2,0.4189471012487467,-8.384177049600776,0.38033000992888644,-7.533863184463678,1.7401277208579966,Item_5_1_Item_6_2,5
Item_5_1,Item_6_3,0.10840281129438496,-8.384177049600776,0.38033000992888644,-7.117936694198675,-1.0876589408403996,Item_5_1_Item_6_3,0
Item_5_1,Item_7_1,0.21615626158562756,-8.384177049600776,0.38033000992888644,-5.429858272613147,0.38301725120398267,Item_5_1_Item_7_1,0
Item_5_1,Item_8_1,0.819881482015166,-8.384177049600776,0.38033000992888644,-7.877737022799604,1.0750792044545787,Item_5_1_Item_8_1,1
Item_5_1,Item_8_2,0.06183234667696359,-8.384177049600776,0.38033000992888644,-7.709201672136028,-1.083915588041315,Item_5_1_Item_8_2,0
Item_5_1,Item_9_1,0.36501495754949076,-8.384177049600776,0.38033000992888644,-6.694733019544076,0.18563671938600157,Item_5_1_Item_9_1,3
Item_5_1,Item_10_1,0.7069093409321477,-8.384177049600776,0.38033000992888644,-8.56007781388099,1.0429349833812034,Item_5_1_Item_10_1,2
Item_5_1,Item_10_2,0.2753096734730113,-8.384177049600776,0.38033000992888644,-7.8932165880213425,-0.4488622012876986,Item_5_1_Item_10_2,0
Item_5_1,Item_11_1,0.2143944167139419,-8.384177049600776,0.38033000992888644,-5.23880097545206,0.13931496056126935,Item_5_1_Item_11_1,0
Item_5_1,Item_12_1,0.6520947936302673,-8.384177049600776,0.38033000992888644,-8.932995952532524,1.47770802856859,Item_5_1_Item_12_1,2
Item_5_1,Item_12_2,0.22933332513449686,-8.384177049600776,0.38033000992888644,-6.852639366068484,-0.4846867695435746,Item_5_1_Item_12_2,0
Item_5_2,Item_6_3,0.4483602672470047,-5.975491339125491,-0.9607788376856243,-7.117936694198675,-1.0876589408403996,Item_5_2_Item_6_3,3
Item_5_2,Item_6_4,0.5457184337203334,-5.975491339125491,-0.9607788376856243,-4.9080499467993866,-1.0924148899818464,Item_5_2_Item_6_4,5
Item_5_2,Item_7_1,0.5004049427865561,-5.975491339125491,-0.9607788376856243,-5.429858272613147,0.38301725120398267,Item_5_2_Item_7_1,4
Item_5_2,Item_8_2,0.36421143045530135,-5.975491339125491,-0.9607788376856243,-7.709201672136028,-1.083915588041315,Item_5_2_Item_8_2,5
Item_5_2,Item_8_3,0.13197299332993692,-5.975491339125491,-0.9607788376856243,-1.5814436183972673,-0.2851166441970765,Item_5_2_Item_8_3,0
Item_5_2,Item_9_1,0.6708674152144471,-5.975491339125491,-0.9607788376856243,-6.694733019544076,0.18563671938600157,Item_5_2_Item_9_1,1
Item_5_2,Item_10_2,0.2695521477963264,-5.975491339125491,-0.9607788376856243,-7.8932165880213425,-0.4488622012876986,Item_5_2_Item_10_2,0
Item_5_2,Item_10_3,0.6529906108705481,-5.975491339125491,-0.9607788376856243,-5.20395356154417,-0.7381258309584444,Item_5_2_Item_10_3,4
Item_5_2,Item_11_1,0.5009267579296685,-5.975491339125491,-0.9607788376856243,-5.23880097545206,0.13931496056126935,Item_5_2_Item_11_1,1
Item_5_2,Item_12_2,0.6106847502230569,-5.975491339125491,-0.9607788376856243,-6.852639366068484,-0.4846867695435746,Item_5_2_Item_12_2,3
Item_5_2,Item_12_3,0.09460967878764724,-5.975491339125491,-0.9607788376856243,-2.774982474026841,0.05502452555174586,Item_5_2_Item_12_3,0
Item_5_3,Item_6_5,0.590170793185779,1.7106040185617228,-0.16038752421062918,3.9380984357093927,0.12960579726222354,Item_5_3_Item_6_5,1
Item_5_3,Item_7_2,0.4163332933095856,1.7106040185617228,-0.16038752421062918,2.6725372699416803,-0.5054383812463452,Item_5_3_Item_7_2,23
Item_5_3,Item_8_3,0.3954075377298627,1.7106040185617228,-0.16038752421062918,-1.5814436183972673,-0.2851166441970765,Item_5_3_Item_8_3,484
Item_5_3,Item_8_4,0.11771948339409818,1.7106040185617228,-0.16038752421062918,4.677604558787852,-1.090663800038167,Item_5_3_Item_8_4,0
Item_5_3,Item_9_2,0.5182278487229731,1.7106040185617228,-0.16038752421062918,-0.09484241523578163,-0.08675213426855355,Item_5_3_Item_9_2,7
Item_5_3,Item_9_3,0.30410759628956285,1.7106040185617228,-0.16038752421062918,3.5717605411480378,-1.036145453271462,Item_5_3_Item_9_3,29
Item_5_3,Item_9_4,0.04620648351363993,1.7106040185617228,-0.16038752421062918,5.497376634741563,-1.3621518409274611,Item_5_3_Item_9_4,0
Item_5_3,Item_10_4,0.11078359638833472,1.7106040185617228,-0.16038752421062918,-2.45581450828205,-0.5566751918379708,Item_5_3_Item_10_4,0
Item_5_3,Item_10_5,0.5015668156817116,1.7106040185617228,-0.16038752421062918,4.406810454488165,0.18093062923064873,Item_5_3_Item_10_5,293
Item_5_3,Item_11_2,0.45081949638925056,1.7106040185617228,-0.16038752421062918,2.9183208964215046,0.07853559420122314,Item_5_3_Item_11_2,25
Item_5_3,Item_11_3,0.10393295597613852,1.7106040185617228,-0.16038752421062918,4.860303521944785,-1.9508363621833809,Item_5_3_Item_11_3,0
Item_5_3,Item_12_3,0.19505096771586497,1.7106040185617228,-0.16038752421062918,-2.774982474026841,0.05502452555174586,Item_5_3_Item_12_3,0
Item_5_3,Item_12_4,0.3579718622364514,1.7106040185617228,-0.16038752421062918,1.7012267718805254,-0.8924449439846133,Item_5_3_Item_12_4,1
Item_5_3,Item_12_5,0.03336139287975972,1.7106040185617228,-0.16038752421062918,5.7259555039798204,0.10065765696321671,Item_5_3_Item_12_5,0
Item_5_4,Item_6_5,0.2417094093447771,6.809185069609078,-0.4012867831503164,3.9380984357093927,0.12960579726222354,Item_5_4_Item_6_5,0
Item_5_4,Item_7_3,0.5653958200079761,6.809185069609078,-0.4012867831503164,5.929953764475576,-0.6169045639581219,Item_5_4_Item_7_3,1
Item_5_4,Item_7_4,0.24483352314264345,6.809185069609078,-0.4012867831503164,8.488035339414244,-0.3559374811832323,Item_5_4_Item_7_4,7
Item_5_4,Item_7_5,0.08908907672485956,6.809185069609078,-0.4012867831503164,7.168152868550425,2.031842293224406,Item_5_4_Item_7_5,0
Item_5_4,Item_8_4,0.1464375189632319,6.809185069609078,-0.4012867831503164,4.677604558787852,-1.090663800038167,Item_5_4_Item_8_4,0
Item_5_4,Item_8_5,0.6424748066954766,6.809185069609078,-0.4012867831503164,6.838612409621779,0.30038263159228773,Item_5_4_Item_8_5,1
Item_5_4,Item_9_4,0.23669958861536836,6.809185069609078,-0.4012867831503164,5.497376634741563,-1.3621518409274611,Item_5_4_Item_9_4,0
Item_5_4,Item_9_5,0.6309679191358599,6.809185069609078,-0.4012867831503164,6.804507345914644,0.8019644599648865,Item_5_4_Item_9_5,1
Item_5_4,Item_10_5,0.29535829776977557,6.809185069609078,-0.4012867831503164,4.406810454488165,0.18093062923064873,Item_5_4_Item_10_5,30
Item_5_4,Item_11_3,0.06858474728508691,6.809185069609078,-0.4012867831503164,4.860303521944785,-1.9508363621833809,Item_5_4_Item_11_3,0
Item_5_4,Item_11_4,0.3111879806088749,6.809185069609078,-0.4012867831503164,5.872554204996236,0.8549928826365618,Item_5_4_Item_11_4,3
Item_5_4,Item_11_5,0.6042779221242246,6.809185069609078,-0.4012867831503164,7.271333354149216,0.48129249019936804,Item_5_4_Item_11_5,6
Item_5_4,Item_12_5,0.5257913316845805,6.809185069609078,-0.4012867831503164,5.7259555039798204,0.10065765696321671,Item_5_4_Item_12_5,7
Item_5_5,Item_6_5,0.09959164159763868,8.029545280859734,1.9839749590623534,3.9380984357093927,0.12960579726222354,Item_5_5_Item_6_5,0
Item_5_5,Item_7_4,0.05344366555817954,8.029545280859734,1.9839749590623534,8.488035339414244,-0.3559374811832323,Item_5_5_Item_7_4,0
Item_5_5,Item_7_5,0.8010331423776317,8.029545280859734,1.9839749590623534,7.168152868550425,2.031842293224406,Item_5_5_Item_7_5,1
Item_5_5,Item_8_5,0.36273914121215345,8.029545280859734,1.9839749590623534,6.838612409621779,0.30038263159228773,Item_5_5_Item_8_5,44
Item_5_5,Item_9_5,0.40048767385514383,8.029545280859734,1.9839749590623534,6.804507345914644,0.8019644599648865,Item_5_5_Item_9_5,2
Item_5_5,Item_10_5,0.12169661832410472,8.029545280859734,1.9839749590623534,4.406810454488165,0.18093062923064873,Item_5_5_Item_10_5,0
Item_5_5,Item_11_5,0.42445465817784755,8.029545280859734,1.9839749590623534,7.271333354149216,0.48129249019936804,Item_5_5_Item_11_5,6
Item_5_5,Item_12_5,0.21664204965054829,8.029545280859734,1.9839749590623534,5.7259555039798204,0.10065765696321671,Item_5_5_Item_12_5,0
Item_6_1,Item_7_1,0.15695455973254066,-9.0452810181873,0.608176637092269,-5.429858272613147,0.38301725120398267,Item_6_1_Item_7_1,0
Item_6_1,Item_8_1,0.7020023358840498,-9.0452810181873,0.608176637092269,-7.877737022799604,1.0750792044545787,Item_6_1_Item_8_1,1
Item_6_1,Item_9_1,0.26504326794751365,-9.0452810181873,0.608176637092269,-6.694733019544076,0.18563671938600157,Item_6_1_Item_9_1,2
Item_6_1,Item_10_1,0.7457490078643861,-9.0452810181873,0.608176637092269,-8.56007781388099,1.0429349833812034,Item_6_1_Item_10_1,1
Item_6_1,Item_10_2,0.06609051182585571,-9.0452810181873,0.608176637092269,-7.8932165880213425,-0.4488622012876986,Item_6_1_Item_10_2,0
Item_6_1,Item_11_1,0.1556752556581458,-9.0452810181873,0.608176637092269,-5.23880097545206,0.13931496056126935,Item_6_1_Item_11_1,0
Item_6_1,Item_12_1,0.7957238219716489,-9.0452810181873,0.608176637092269,-8.932995952532524,1.47770802856859,Item_6_1_Item_12_1,1
Item_6_1,Item_12_2,0.02990533074362259,-9.0452810181873,0.608176637092269,-6.852639366068484,-0.4846867695435746,Item_6_1_Item_12_2,0
Item_6_2,Item_7_1,0.12332143978985338,-7.533863184463678,1.7401277208579966,-5.429858272613147,0.38301725120398267,Item_6_2_Item_7_1,0
Item_6_2,Item_8_1,0.3583179983183926,-7.533863184463678,1.7401277208579966,-7.877737022799604,1.0750792044545787,Item_6_2_Item_8_1,1
Item_6_2,Item_8_2,0.1443689007542604,-7.533863184463678,1.7401277208579966,-7.709201672136028,-1.083915588041315,Item_6_2_Item_8_2,0
Item_6_2,Item_9_1,0.20824828195876072,-7.533863184463678,1.7401277208579966,-6.694733019544076,0.18563671938600157,Item_6_2_Item_9_1,0
Item_6_2,Item_10_1,0.2624453295839119,-7.533863184463678,1.7401277208579966,-8.56007781388099,1.0429349833812034,Item_6_2_Item_10_1,0
Item_6_2,Item_10_2,0.24971595049990913,-7.533863184463678,1.7401277208579966,-7.8932165880213425,-0.4488622012876986,Item_6_2_Item_10_2,1
Item_6_2,Item_11_1,0.12231627230282884,-7.533863184463678,1.7401277208579966,-5.23880097545206,0.13931496056126935,Item_6_2_Item_11_1,0
Item_6_2,Item_12_1,0.10564516908250425,-7.533863184463678,1.7401277208579966,-8.932995952532524,1.47770802856859,Item_6_2_Item_12_1,0
Item_6_2,Item_12_2,0.243781847936852,-7.533863184463678,1.7401277208579966,-6.852639366068484,-0.4846867695435746,Item_6_2_Item_12_2,2
Item_6_3,Item_7_1,0.27805867855390876,-7.117936694198675,-1.0876589408403996,-5.429858272613147,0.38301725120398267,Item_6_3_Item_7_1,1
Item_6_3,Item_8_1,0.12294571594885034,-7.117936694198675,-1.0876589408403996,-7.877737022799604,1.0750792044545787,Item_6_3_Item_8_1,0
Item_6_3,Item_8_2,0.5246338361865134,-7.117936694198675,-1.0876589408403996,-7.709201672136028,-1.083915588041315,Item_6_3_Item_8_2,1
Item_6_3,Item_9_1,0.46954724329563924,-7.117936694198675,-1.0876589408403996,-6.694733019544076,0.18563671938600157,Item_6_3_Item_9_1,1
Item_6_3,Item_10_1,0.021683433247033278,-7.117936694198675,-1.0876589408403996,-8.56007781388099,1.0429349833812034,Item_6_3_Item_10_1,0
Item_6_3,Item_10_2,0.5078403199174713,-7.117936694198675,-1.0876589408403996,-7.8932165880213425,-0.4488622012876986,Item_6_3_Item_10_2,1
Item_6_3,Item_10_3,0.20944839366555984,-7.117936694198675,-1.0876589408403996,-5.20395356154417,-0.7381258309584444,Item_6_3_Item_10_3,0
Item_6_3,Item_11_1,0.27579227991597793,-7.117936694198675,-1.0876589408403996,-5.23880097545206,0.13931496056126935,Item_6_3_Item_11_1,12
Item_6_3,Item_12_2,0.6298055965363448,-7.117936694198675,-1.0876589408403996,-6.852639366068484,-0.4846867695435746,Item_6_3_Item_12_2,1
Item_6_4,Item_7_1,0.37675322176529474,-4.9080499467993866,-1.0924148899818464,-5.429858272613147,0.38301725120398267,Item_6_4_Item_7_1,1
Item_6_4,Item_8_2,0.01608010385391583,-4.9080499467993866,-1.0924148899818464,-7.709201672136028,-1.083915588041315,Item_6_4_Item_8_2,0
Item_6_4,Item_8_3,0.25537850825762975,-4.9080499467993866,-1.0924148899818464,-1.5814436183972673,-0.2851166441970765,Item_6_4_Item_8_3,34
Item_6_4,Item_9_1,0.48417376885306185,-4.9080499467993866,-1.0924148899818464,-6.694733019544076,0.18563671938600157,Item_6_4_Item_9_1,10
Item_6_4,Item_10_3,0.5978986494237923,-4.9080499467993866,-1.0924148899818464,-5.20395356154417,-0.7381258309584444,Item_6_4_Item_10_3,1
Item_6_4,Item_10_4,0.03866025532577065,-4.9080499467993866,-1.0924148899818464,-2.45581450828205,-0.5566751918379708,Item_6_4_Item_10_4,0
Item_6_4,Item_11_1,0.36816107254258873,-4.9080499467993866,-1.0924148899818464,-5.23880097545206,0.13931496056126935,Item_6_4_Item_11_1,1
Item_6_4,Item_12_2,0.2750810603849218,-4.9080499467993866,-1.0924148899818464,-6.852639366068484,-0.4846867695435746,Item_6_4_Item_12_2,0
Item_6_4,Item_12_3,0.22380257842072565,-4.9080499467993866,-1.0924148899818464,-2.774982474026841,0.05502452555174586,Item_6_4_Item_12_3,0
Item_6_5,Item_7_2,0.33304706983637117,3.9380984357093927,0.12960579726222354,2.6725372699416803,-0.5054383812463452,Item_6_5_Item_7_2,1
Item_6_5,Item_7_3,0.3195081113202216,3.9380984357093927,0.12960579726222354,5.929953764475576,-0.6169045639581219,Item_6_5_Item_7_3,4
Item_6_5,Item_7_4,0.06673649299286832,3.9380984357093927,0.12960579726222354,8.488035339414244,-0.3559374811832323,Item_6_5_Item_7_4,0
Item_6_5,Item_7_5,0.11270076427950972,3.9380984357093927,0.12960579726222354,7.168152868550425,2.031842293224406,Item_6_5_Item_7_5,0
Item_6_5,Item_8_3,0.04702667509106125,3.9380984357093927,0.12960579726222354,-1.5814436183972673,-0.2851166441970765,Item_6_5_Item_8_3,0
Item_6_5,Item_8_4,0.20882454151950233,3.9380984357093927,0.12960579726222354,4.677604558787852,-1.090663800038167,Item_6_5_Item_8_4,0
Item_6_5,Item_8_5,0.2745544394929,3.9380984357093927,0.12960579726222354,6.838612409621779,0.30038263159228773,Item_6_5_Item_8_5,12
Item_6_5,Item_9_2,0.37356667380060754,3.9380984357093927,0.12960579726222354,-0.09484241523578163,-0.08675213426855355,Item_6_5_Item_9_2,66
Item_6_5,Item_9_3,0.2486759221300302,3.9380984357093927,0.12960579726222354,3.5717605411480378,-1.036145453271462,Item_6_5_Item_9_3,1
Item_6_5,Item_9_4,0.19580873325146061,3.9380984357093927,0.12960579726222354,5.497376634741563,-1.3621518409274611,Item_6_5_Item_9_4,0
Item_6_5,Item_9_5,0.2486759221300302,3.9380984357093927,0.12960579726222354,6.804507345914644,0.8019644599648865,Item_6_5_Item_9_5,8
Item_6_5,Item_10_4,0.056830226002911315,3.9380984357093927,0.12960579726222354,-2.45581450828205,-0.5566751918379708,Item_6_5_Item_10_4,0
Item_6_5,Item_10_5,0.7695736255513855,3.9380984357093927,0.12960579726222354,4.406810454488165,0.18093062923064873,Item_6_5_Item_10_5,1
Item_6_5,Item_11_2,0.34844836121219025,3.9380984357093927,0.12960579726222354,2.9183208964215046,0.07853559420122314,Item_6_5_Item_11_2,1
Item_6_5,Item_11_3,0.14580946165547515,3.9380984357093927,0.12960579726222354,4.860303521944785,-1.9508363621833809,Item_6_5_Item_11_3,0
Item_6_5,Item_11_4,0.14414034231177913,3.9380984357093927,0.12960579726222354,5.872554204996236,0.8549928826365618,Item_6_5_Item_11_4,0
Item_6_5,Item_11_5,0.23463434710595057,3.9380984357093927,0.12960579726222354,7.271333354149216,0.48129249019936804,Item_6_5_Item_11_5,0
Item_6_5,Item_12_3,0.024811356008916256,3.9380984357093927,0.12960579726222354,-2.774982474026841,0.05502452555174586,Item_6_5_Item_12_3,0
Item_6_5,Item_12_4,0.2612007569578838,3.9380984357093927,0.12960579726222354,1.7012267718805254,-0.8924449439846133,Item_6_5_Item_12_4,1
Item_6_5,Item_12_5,0.459705960861632,3.9380984357093927,0.12960579726222354,5.7259555039798204,0.10065765696321671,Item_6_5_Item_12_5,78
Item_7_1,Item_8_1,0.21615626158562756,-5.429858272613147,0.38301725120398267,-7.877737022799604,1.0750792044545787,Item_7_1_Item_8_1,0
Item_7_1,Item_8_2,0.21809631359819956,-5.429858272613147,0.38301725120398267,-7.709201672136028,-1.083915588041315,Item_7_1_Item_8_2,0
Item_7_1,Item_8_3,0.34819375742406833,-5.429858272613147,0.38301725120398267,-1.5814436183972673,-0.2851166441970765,Item_7_1_Item_8_3,32
Item_7_1,Item_9_1,0.5921846683675145,-5.429858272613147,0.38301725120398267,-6.694733019544076,0.18563671938600157,Item_7_1_Item_9_1,6
Item_7_1,Item_9_2,0.1739983477456451,-5.429858272613147,0.38301725120398267,-0.09484241523578163,-0.08675213426855355,Item_7_1_Item_9_2,0
Item_7_1,Item_10_1,0.17621018440112451,-5.429858272613147,0.38301725120398267,-8.56007781388099,1.0429349833812034,Item_7_1_Item_10_1,0
Item_7_1,Item_10_2,0.22947488251633766,-5.429858272613147,0.38301725120398267,-7.8932165880213425,-0.4488622012876986,Item_7_1_Item_10_2,0
Item_7_1,Item_10_3,0.4535788315343886,-5.429858272613147,0.38301725120398267,-5.20395356154417,-0.7381258309584444,Item_7_1_Item_10_3,1
Item_7_1,Item_10_4,0.21503280633130617,-5.429858272613147,0.38301725120398267,-2.45581450828205,-0.5566751918379708,Item_7_1_Item_10_4,13
Item_7_1,Item_11_1,0.8199792569337245,-5.429858272613147,0.38301725120398267,-5.23880097545206,0.13931496056126935,Item_7_1_Item_11_1,1
Item_7_1,Item_12_1,0.14651514179761463,-5.429858272613147,0.38301725120398267,-8.932995952532524,1.47770802856859,Item_7_1_Item_12_1,0
Item_7_1,Item_12_2,0.41264909425723556,-5.429858272613147,0.38301725120398267,-6.852639366068484,-0.4846867695435746,Item_7_1_Item_12_2,6
Item_7_1,Item_12_3,0.48252776582550583,-5.429858272613147,0.38301725120398267,-2.774982474026841,0.05502452555174586,Item_7_1_Item_12_3,63
Item_7_2,Item_8_3,0.16872364612157217,2.6725372699416803,-0.5054383812463452,-1.5814436183972673,-0.2851166441970765,Item_7_2_Item_8_3,0
Item_7_2,Item_8_4,0.13872566342181855,2.6725372699416803,-0.5054383812463452,4.677604558787852,-1.090663800038167,Item_7_2_Item_8_4,0
Item_7_2,Item_9_2,0.17139303930369387,2.6725372699416803,-0.5054383812463452,-0.09484241523578163,-0.08675213426855355,Item_7_2_Item_9_2,0
Item_7_2,Item_9_3,0.38198436301389854,2.6725372699416803,-0.5054383812463452,3.5717605411480378,-1.036145453271462,Item_7_2_Item_9_3,1
Item_7_2,Item_9_4,0.045253771249219685,2.6725372699416803,-0.5054383812463452,5.497376634741563,-1.3621518409274611,Item_7_2_Item_9_4,0
Item_7_2,Item_10_5,0.38656870197589116,2.6725372699416803,-0.5054383812463452,4.406810454488165,0.18093062923064873,Item_7_2_Item_10_5,1
Item_7_2,Item_11_2,0.5327144644053825,2.6725372699416803,-0.5054383812463452,2.9183208964215046,0.07853559420122314,Item_7_2_Item_11_2,1
Item_7_2,Item_11_3,0.09236369002614779,2.6725372699416803,-0.5054383812463452,4.860303521944785,-1.9508363621833809,Item_7_2_Item_11_3,0
Item_7_2,Item_12_4,0.38871704906138393,2.6725372699416803,-0.5054383812463452,1.7012267718805254,-0.8924449439846133,Item_7_2_Item_12_4,1
Item_7_2,Item_12_5,0.1486322952438426,2.6725372699416803,-0.5054383812463452,5.7259555039798204,0.10065765696321671,Item_7_2_Item_12_5,0
Item_7_3,Item_8_4,0.32267672374124695,5.929953764475576,-0.6169045639581219,4.677604558787852,-1.090663800038167,Item_7_3_Item_8_4,2
Item_7_3,Item_8_5,0.5548738259094741,5.929953764475576,-0.6169045639581219,6.838612409621779,0.30038263159228773,Item_7_3_Item_8_5,6
Item_7_3,Item_9_3,0.12371768889488378,5.929953764475576,-0.6169045639581219,3.5717605411480378,-1.036145453271462,Item_7_3_Item_9_3,0
Item_7_3,Item_9_4,0.4147265484479616,5.929953764475576,-0.6169045639581219,5.497376634741563,-1.3621518409274611,Item_7_3_Item_9_4,2
Item_7_3,Item_9_5,0.4743914102522641,5.929953764475576,-0.6169045639581219,6.804507345914644,0.8019644599648865,Item_7_3_Item_9_5,2
Item_7_3,Item_10_5,0.3904248996304775,5.929953764475576,-0.6169045639581219,4.406810454488165,0.18093062923064873,Item_7_3_Item_10_5,30
Item_7_3,Item_11_2,0.02746207511658037,5.929953764475576,-0.6169045639581219,2.9183208964215046,0.07853559420122314,Item_7_3_Item_11_2,0
Item_7_3,Item_11_3,0.24865491697722808,5.929953764475576,-0.6169045639581219,4.860303521944785,-1.9508363621833809,Item_7_3_Item_11_3,3
Item_7_3,Item_11_4,0.3647082680730416,5.929953764475576,-0.6169045639581219,5.872554204996236,0.8549928826365618,Item_7_3_Item_11_4,2
Item_7_3,Item_11_5,0.43289927137695355,5.929953764475576,-0.6169045639581219,7.271333354149216,0.48129249019936804,Item_7_3_Item_11_5,1
Item_7_3,Item_12_5,0.6676827975157187,5.929953764475576,-0.6169045639581219,5.7259555039798204,0.10065765696321671,Item_7_3_Item_12_5,2
Item_7_4,Item_8_4,0.0035118863402278555,8.488035339414244,-0.3559374811832323,4.677604558787852,-1.090663800038167,Item_7_4_Item_8_4,0
Item_7_4,Item_8_5,0.21460922455987722,8.488035339414244,-0.3559374811832323,6.838612409621779,0.30038263159228773,Item_7_4_Item_8_5,1
Item_7_4,Item_9_5,0.2683673289365444,8.488035339414244,-0.3559374811832323,6.804507345914644,0.8019644599648865,Item_7_4_Item_9_5,48
Item_7_4,Item_10_5,0.08154906763013885,8.488035339414244,-0.3559374811832323,4.406810454488165,0.18093062923064873,Item_7_4_Item_10_5,0
Item_7_4,Item_11_4,0.07514605018294802,8.488035339414244,-0.3559374811832323,5.872554204996236,0.8549928826365618,Item_7_4_Item_11_4,0
Item_7_4,Item_11_5,0.22043941748814608,8.488035339414244,-0.3559374811832323,7.271333354149216,0.48129249019936804,Item_7_4_Item_11_5,1
Item_7_4,Item_12_5,0.14517212887077507,8.488035339414244,-0.3559374811832323,5.7259555039798204,0.10065765696321671,Item_7_4_Item_12_5,0
Item_7_5,Item_8_5,0.41048603871664646,7.168152868550425,2.031842293224406,6.838612409621779,0.30038263159228773,Item_7_5_Item_8_5,36
Item_7_5,Item_9_5,0.45320336329377153,7.168152868550425,2.031842293224406,6.804507345914644,0.8019644599648865,Item_7_5_Item_9_5,2
Item_7_5,Item_10_5,0.13771539132540594,7.168152868550425,2.031842293224406,4.406810454488165,0.18093062923064873,Item_7_5_Item_10_5,0
Item_7_5,Item_11_5,0.4803250916568451,7.168152868550425,2.031842293224406,7.271333354149216,0.48129249019936804,Item_7_5_Item_11_5,5
Item_7_5,Item_12_5,0.2451583705120408,7.168152868550425,2.031842293224406,5.7259555039798204,0.10065765696321671,Item_7_5_Item_12_5,0
Item_8_1,Item_9_1,0.36501495754949076,-7.877737022799604,1.0750792044545787,-6.694733019544076,0.18563671938600157,Item_8_1_Item_9_1,3
Item_8_1,Item_10_1,0.7285671026028631,-7.877737022799604,1.0750792044545787,-8.56007781388099,1.0429349833812034,Item_8_1_Item_10_1,1
Item_8_1,Item_10_2,0.2582160640434191,-7.877737022799604,1.0750792044545787,-7.8932165880213425,-0.4488622012876986,Item_8_1_Item_10_2,0
Item_8_1,Item_11_1,0.2143944167139419,-7.877737022799604,1.0750792044545787,-5.23880097545206,0.13931496056126935,Item_8_1_Item_11_1,0
Item_8_1,Item_12_1,0.6263691034917843,-7.877737022799604,1.0750792044545787,-8.932995952532524,1.47770802856859,Item_8_1_Item_12_1,1
Item_8_1,Item_12_2,0.24024045559842233,-7.877737022799604,1.0750792044545787,-6.852639366068484,-0.4846867695435746,Item_8_1_Item_12_2,0
Item_8_2,Item_9_1,0.3682910504917821,-7.709201672136028,-1.083915588041315,-6.694733019544076,0.18563671938600157,Item_8_2_Item_9_1,1
Item_8_2,Item_10_1,0.012892765578234917,-7.709201672136028,-1.083915588041315,-8.56007781388099,1.0429349833812034,Item_8_2_Item_10_1,0
Item_8_2,Item_10_2,0.4925061456690673,-7.709201672136028,-1.083915588041315,-7.8932165880213425,-0.4488622012876986,Item_8_2_Item_10_2,1
Item_8_2,Item_10_3,0.1097805903118799,-7.709201672136028,-1.083915588041315,-5.20395356154417,-0.7381258309584444,Item_8_2_Item_10_3,0
Item_8_2,Item_11_1,0.21631865576479778,-7.709201672136028,-1.083915588041315,-5.23880097545206,0.13931496056126935,Item_8_2_Item_11_1,0
Item_8_2,Item_12_2,0.5177056973705063,-7.709201672136028,-1.083915588041315,-6.852639366068484,-0.4846867695435746,Item_8_2_Item_12_2,1
Item_8_3,Item_9_2,0.4967454938209601,-1.5814436183972673,-0.2851166441970765,-0.09484241523578163,-0.08675213426855355,Item_8_3_Item_9_2,3
Item_8_3,Item_9_3,0.03604570532031484,-1.5814436183972673,-0.2851166441970765,3.5717605411480378,-1.036145453271462,Item_8_3_Item_9_3,0
Item_8_3,Item_10_3,0.2527464418107784,-1.5814436183972673,-0.2851166441970765,-5.20395356154417,-0.7381258309584444,Item_8_3_Item_10_3,34
Item_8_3,Item_10_4,0.2050952662148246,-1.5814436183972673,-0.2851166441970765,-2.45581450828205,-0.5566751918379708,Item_8_3_Item_10_4,1
Item_8_3,Item_11_1,0.35462818111124833,-1.5814436183972673,-0.2851166441970765,-5.23880097545206,0.13931496056126935,Item_8_3_Item_11_1,459
Item_8_3,Item_11_2,0.14835429618493193,-1.5814436183972673,-0.2851166441970765,2.9183208964215046,0.07853559420122314,Item_8_3_Item_11_2,0
Item_8_3,Item_12_3,0.5183064394286386,-1.5814436183972673,-0.2851166441970765,-2.774982474026841,0.05502452555174586,Item_8_3_Item_12_3,1
Item_8_3,Item_12_4,0.236616082543812,-1.5814436183972673,-0.2851166441970765,1.7012267718805254,-0.8924449439846133,Item_8_3_Item_12_4,24
Item_8_4,Item_9_3,0.2120376563934589,4.677604558787852,-1.090663800038167,3.5717605411480378,-1.036145453271462,Item_8_4_Item_9_3,1
Item_8_4,Item_9_4,0.3451866061521457,4.677604558787852,-1.090663800038167,5.497376634741563,-1.3621518409274611,Item_8_4_Item_9_4,1
Item_8_4,Item_9_5,0.04181174057332129,4.677604558787852,-1.090663800038167,6.804507345914644,0.8019644599648865,Item_8_4_Item_9_5,0
Item_8_4,Item_10_5,0.25517443149172453,4.677604558787852,-1.090663800038167,4.406810454488165,0.18093062923064873,Item_8_4_Item_10_5,1
Item_8_4,Item_11_2,0.17777939206386584,4.677604558787852,-1.090663800038167,2.9183208964215046,0.07853559420122314,Item_8_4_Item_11_2,0
Item_8_4,Item_11_3,0.2812305629582586,4.677604558787852,-1.090663800038167,4.860303521944785,-1.9508363621833809,Item_8_4_Item_11_3,1
Item_8_4,Item_11_4,0.1845713231615059,4.677604558787852,-1.090663800038167,5.872554204996236,0.8549928826365618,Item_8_4_Item_11_4,1
Item_8_4,Item_11_5,0.011234844169905561,4.677604558787852,-1.090663800038167,7.271333354149216,0.48129249019936804,Item_8_4_Item_11_5,0
Item_8_4,Item_12_5,0.4019918490677214,4.677604558787852,-1.090663800038167,5.7259555039798204,0.10065765696321671,Item_8_4_Item_12_5,1
Item_8_5,Item_9_4,0.19124108497365558,6.838612409621779,0.30038263159228773,5.497376634741563,-1.3621518409274611,Item_8_5_Item_9_4,0
Item_8_5,Item_9_5,0.7677806995217197,6.838612409621779,0.30038263159228773,6.804507345914644,0.8019644599648865,Item_8_5_Item_9_5,1
Item_8_5,Item_10_5,0.335493484153475,6.838612409621779,0.30038263159228773,4.406810454488165,0.18093062923064873,Item_8_5_Item_10_5,186
Item_8_5,Item_11_3,0.09847170796246549,6.838612409621779,0.30038263159228773,4.860303521944785,-1.9508363621833809,Item_8_5_Item_11_3,0
Item_8_5,Item_11_4,0.25177466645822294,6.838612409621779,0.30038263159228773,5.872554204996236,0.8549928826365618,Item_8_5_Item_11_4,6
Item_8_5,Item_11_5,0.746416329370739,6.838612409621779,0.30038263159228773,7.271333354149216,0.48129249019936804,Item_8_5_Item_11_5,1
Item_8_5,Item_12_5,0.5851366389746916,6.838612409621779,0.30038263159228773,5.7259555039798204,0.10065765696321671,Item_8_5_Item_12_5,3
Item_9_1,Item_10_1,0.2975595178559521,-6.694733019544076,0.18563671938600157,-8.56007781388099,1.0429349833812034,Item_9_1_Item_10_1,2
Item_9_1,Item_10_2,0.38750561230998254,-6.694733019544076,0.18563671938600157,-7.8932165880213425,-0.4488622012876986,Item_9_1_Item_10_2,3
Item_9_1,Item_10_3,0.5982321469393814,-6.694733019544076,0.18563671938600157,-5.20395356154417,-0.7381258309584444,Item_9_1_Item_10_3,5
Item_9_1,Item_11_1,0.5873578939155476,-6.694733019544076,0.18563671938600157,-5.23880097545206,0.13931496056126935,Item_9_1_Item_11_1,33
Item_9_1,Item_12_1,0.24741461510902568,-6.694733019544076,0.18563671938600157,-8.932995952532524,1.47770802856859,Item_9_1_Item_12_1,0
Item_9_1,Item_12_2,0.6747875445229806,-6.694733019544076,0.18563671938600157,-6.852639366068484,-0.4846867695435746,Item_9_1_Item_12_2,1
Item_9_1,Item_12_3,0.02301333357508563,-6.694733019544076,0.18563671938600157,-2.774982474026841,0.05502452555174586,Item_9_1_Item_12_3,0
Item_9_2,Item_10_4,0.22689227588462013,-0.09484241523578163,-0.08675213426855355,-2.45581450828205,-0.5566751918379708,Item_9_2_Item_10_4,29
Item_9_2,Item_10_5,0.22881808356551123,-0.09484241523578163,-0.08675213426855355,4.406810454488165,0.18093062923064873,Item_9_2_Item_10_5,0
Item_9_2,Item_11_1,0.18091678426373317,-0.09484241523578163,-0.08675213426855355,-5.23880097545206,0.13931496056126935,Item_9_2_Item_11_1,0
Item_9_2,Item_11_2,0.12481681976407251,-0.09484241523578163,-0.08675213426855355,2.9183208964215046,0.07853559420122314,Item_9_2_Item_11_2,0
Item_9_2,Item_12_3,0.4270953194029417,-0.09484241523578163,-0.08675213426855355,-2.774982474026841,0.05502452555174586,Item_9_2_Item_12_3,45
Item_9_2,Item_12_4,0.33494767308564966,-0.09484241523578163,-0.08675213426855355,1.7012267718805254,-0.8924449439846133,Item_9_2_Item_12_4,4
Item_9_3,Item_10_5,0.29764815774250114,3.5717605411480378,-1.036145453271462,4.406810454488165,0.18093062923064873,Item_9_3_Item_10_5,1
Item_9_3,Item_11_2,0.4536184462577268,3.5717605411480378,-1.036145453271462,2.9183208964215046,0.07853559420122314,Item_9_3_Item_11_2,2
Item_9_3,Item_11_3,0.1357795632412089,3.5717605411480378,-1.036145453271462,4.860303521944785,-1.9508363621833809,Item_9_3_Item_11_3,0
Item_9_3,Item_12_4,0.12082275784497738,3.5717605411480378,-1.036145453271462,1.7012267718805254,-0.8924449439846133,Item_9_3_Item_12_4,0
Item_9_3,Item_12_5,0.3067362256844558,3.5717605411480378,-1.036145453271462,5.7259555039798204,0.10065765696321671,Item_9_3_Item_12_5,19
Item_9_4,Item_10_5,0.23926968461170972,5.497376634741563,-1.3621518409274611,4.406810454488165,0.18093062923064873,Item_9_4_Item_10_5,1
Item_9_4,Item_11_2,0.09168027861580831,5.497376634741563,-1.3621518409274611,2.9183208964215046,0.07853559420122314,Item_9_4_Item_11_2,0
Item_9_4,Item_11_3,0.3047585350729677,5.497376634741563,-1.3621518409274611,4.860303521944785,-1.9508363621833809,Item_9_4_Item_11_3,1
Item_9_4,Item_11_4,0.2738254884193604,5.497376634741563,-1.3621518409274611,5.872554204996236,0.8549928826365618,Item_9_4_Item_11_4,1
Item_9_4,Item_11_5,0.03661030246874646,5.497376634741563,-1.3621518409274611,7.271333354149216,0.48129249019936804,Item_9_4_Item_11_5,0
Item_9_4,Item_12_5,0.4101910831488805,5.497376634741563,-1.3621518409274611,5.7259555039798204,0.10065765696321671,Item_9_4_Item_12_5,8
Item_9_5,Item_10_5,0.3038710708687687,6.804507345914644,0.8019644599648865,4.406810454488165,0.18093062923064873,Item_9_5_Item_10_5,62
Item_9_5,Item_11_3,0.004970735455843871,6.804507345914644,0.8019644599648865,4.860303521944785,-1.9508363621833809,Item_9_5_Item_11_3,0
Item_9_5,Item_11_4,0.22713791205694198,6.804507345914644,0.8019644599648865,5.872554204996236,0.8549928826365618,Item_9_5_Item_11_4,1
Item_9_5,Item_11_5,0.7884548317336274,6.804507345914644,0.8019644599648865,7.271333354149216,0.48129249019936804,Item_9_5_Item_11_5,1
Item_9_5,Item_12_5,0.5409456115468552,6.804507345914644,0.8019644599648865,5.7259555039798204,0.10065765696321671,Item_9_5_Item_12_5,10
Item_10_1,Item_11_1,0.1747739317223978,-8.56007781388099,1.0429349833812034,-5.23880097545206,0.13931496056126935,Item_10_1_Item_11_1,0
Item_10_1,Item_12_1,0.7386803769523952,-8.56007781388099,1.0429349833812034,-8.932995952532524,1.47770802856859,Item_10_1_Item_12_1,1
Item_10_1,Item_12_2,0.09914881060810954,-8.56007781388099,1.0429349833812034,-6.852639366068484,-0.4846867695435746,Item_10_1_Item_12_2,0
Item_10_2,Item_11_1,0.22760448032684605,-7.8932165880213425,-0.4488622012876986,-5.23880097545206,0.13931496056126935,Item_10_2_Item_11_1,0
Item_10_2,Item_12_1,0.02812515503296293,-7.8932165880213425,-0.4488622012876986,-8.932995952532524,1.47770802856859,Item_10_2_Item_12_1,0
Item_10_2,Item_12_2,0.5146974034734823,-7.8932165880213425,-0.4488622012876986,-6.852639366068484,-0.4846867695435746,Item_10_2_Item_12_2,2
Item_10_3,Item_11_1,0.4498360308876645,-5.20395356154417,-0.7381258309584444,-5.23880097545206,0.13931496056126935,Item_10_3_Item_11_1,1
Item_10_3,Item_12_2,0.39755313886882004,-5.20395356154417,-0.7381258309584444,-6.852639366068484,-0.4846867695435746,Item_10_3_Item_12_2,1
Item_10_3,Item_12_3,0.22027705524569002,-5.20395356154417,-0.7381258309584444,-2.774982474026841,0.05502452555174586,Item_10_3_Item_12_3,0
Item_10_4,Item_11_1,0.20517719902449488,-2.45581450828205,-0.5566751918379708,-5.23880097545206,0.13931496056126935,Item_10_4_Item_11_1,1
Item_10_4,Item_12_3,0.3376477407403326,-2.45581450828205,-0.5566751918379708,-2.774982474026841,0.05502452555174586,Item_10_4_Item_12_3,2
Item_10_5,Item_11_2,0.4075500909815562,4.406810454488165,0.18093062923064873,2.9183208964215046,0.07853559420122314,Item_10_5_Item_11_2,1
Item_10_5,Item_11_3,0.17817276749809358,4.406810454488165,0.18093062923064873,4.860303521944785,-1.9508363621833809,Item_10_5_Item_11_3,0
Item_10_5,Item_11_4,0.17613317686128285,4.406810454488165,0.18093062923064873,5.872554204996236,0.8549928826365618,Item_10_5_Item_11_4,0
Item_10_5,Item_11_5,0.28671288199907924,4.406810454488165,0.18093062923064873,7.271333354149216,0.48129249019936804,Item_10_5_Item_11_5,31
Item_10_5,Item_12_4,0.3011765538001883,4.406810454488165,0.18093062923064873,1.7012267718805254,-0.8924449439846133,Item_10_5_Item_12_4,18
Item_10_5,Item_12_5,0.5573733518259821,4.406810454488165,0.18093062923064873,5.7259555039798204,0.10065765696321671,Item_10_5_Item_12_5,10
Item_11_1,Item_12_1,0.14532092725436316,-5.23880097545206,0.13931496056126935,-8.932995952532524,1.47770802856859,Item_11_1_Item_12_1,0
Item_11_1,Item_12_2,0.409285677046049,-5.23880097545206,0.13931496056126935,-6.852639366068484,-0.4846867695435746,Item_11_1_Item_12_2,33
Item_11_1,Item_12_3,0.48177533792988825,-5.23880097545206,0.13931496056126935,-2.774982474026841,0.05502452555174586,Item_11_1_Item_12_3,4
Item_11_2,Item_12_4,0.34232885716067396,2.9183208964215046,0.07853559420122314,1.7012267718805254,-0.8924449439846133,Item_11_2_Item_12_4,2
Item_11_2,Item_12_5,0.22862995136948375,2.9183208964215046,0.07853559420122314,5.7259555039798204,0.10065765696321671,Item_11_2_Item_12_5,0
Item_11_3,Item_12_5,0.27637975491131844,4.860303521944785,-1.9508363621833809,5.7259555039798204,0.10065765696321671,Item_11_3_Item_12_5,14
Item_11_4,Item_12_5,0.31354899562671606,5.872554204996236,0.8549928826365618,5.7259555039798204,0.10065765696321671,Item_11_4_Item_12_5,36
Item_11_5,Item_12_5,0.5104009238126319,7.271333354149216,0.48129249019936804,5.7259555039798204,0.10065765696321671,Item_11_5_Item_12_5,23
